#pragma once

// Generated by scripts/build_gfx_shaders.py -- do not edit.
// Source: src/gfx/shaders/bink.hlsl

namespace kameo::gfx::shaders {

inline constexpr unsigned char g_binkVSDxil[] = {
    0x44, 0x58, 0x42, 0x43, 0xE5, 0xE4, 0x77, 0xB6, 0x06, 0xAA, 0x34, 0x21, 0x1C, 0xA0, 0x24, 0x47, 
    0xD8, 0xD3, 0x9D, 0xC7, 0x01, 0x00, 0x00, 0x00, 0x30, 0x0C, 0x00, 0x00, 0x07, 0x00, 0x00, 0x00, 
    0x3C, 0x00, 0x00, 0x00, 0x4C, 0x00, 0x00, 0x00, 0xB0, 0x00, 0x00, 0x00, 0x18, 0x01, 0x00, 0x00, 
    0xF0, 0x01, 0x00, 0x00, 0xD8, 0x06, 0x00, 0x00, 0xF4, 0x06, 0x00, 0x00, 0x53, 0x46, 0x49, 0x30, 
    0x08, 0x00, 0x00, 0x00, 0x00, 0x00, 0x00, 0x00, 0x00, 0x00, 0x00, 0x00, 0x49, 0x53, 0x47, 0x31, 
    0x5C, 0x00, 0x00, 0x00, 0x02, 0x00, 0x00, 0x00, 0x08, 0x00, 0x00, 0x00, 0x00, 0x00, 0x00, 0x00, 
    0x48, 0x00, 0x00, 0x00, 0x00, 0x00, 0x00, 0x00, 0x00, 0x00, 0x00, 0x00, 0x03, 0x00, 0x00, 0x00, 
    0x00, 0x00, 0x00, 0x00, 0x07, 0x07, 0x00, 0x00, 0x00, 0x00, 0x00, 0x00, 0x00, 0x00, 0x00, 0x00, 
    0x51, 0x00, 0x00, 0x00, 0x00, 0x00, 0x00, 0x00, 0x00, 0x00, 0x00, 0x00, 0x03, 0x00, 0x00, 0x00, 
    0x01, 0x00, 0x00, 0x00, 0x03, 0x03, 0x00, 0x00, 0x00, 0x00, 0x00, 0x00, 0x50, 0x4F, 0x53, 0x49, 
    0x54, 0x49, 0x4F, 0x4E, 0x00, 0x54, 0x45, 0x58, 0x43, 0x4F, 0x4F, 0x52, 0x44, 0x00, 0x00, 0x00, 
    0x4F, 0x53, 0x47, 0x31, 0x60, 0x00, 0x00, 0x00, 0x02, 0x00, 0x00, 0x00, 0x08, 0x00, 0x00, 0x00, 
    0x00, 0x00, 0x00, 0x00, 0x48, 0x00, 0x00, 0x00, 0x00, 0x00, 0x00, 0x00, 0x01, 0x00, 0x00, 0x00, 
    0x03, 0x00, 0x00, 0x00, 0x00, 0x00, 0x00, 0x00, 0x0F, 0x00, 0x00, 0x00, 0x00, 0x00, 0x00, 0x00, 
    0x00, 0x00, 0x00, 0x00, 0x54, 0x00, 0x00, 0x00, 0x00, 0x00, 0x00, 0x00, 0x00, 0x00, 0x00, 0x00, 
    0x03, 0x00, 0x00, 0x00, 0x01, 0x00, 0x00, 0x00, 0x03, 0x0C, 0x00, 0x00, 0x00, 0x00, 0x00, 0x00, 
    0x53, 0x56, 0x5F, 0x50, 0x6F, 0x73, 0x69, 0x74, 0x69, 0x6F, 0x6E, 0x00, 0x54, 0x45, 0x58, 0x43, 
    0x4F, 0x4F, 0x52, 0x44, 0x00, 0x00, 0x00, 0x00, 0x50, 0x53, 0x56, 0x30, 0xD0, 0x00, 0x00, 0x00, 
    0x34, 0x00, 0x00, 0x00, 0x01, 0x00, 0x00, 0x00, 0x00, 0x00, 0x00, 0x00, 0x00, 0x00, 0x00, 0x00, 
    0x00, 0x00, 0x00, 0x00, 0x00, 0x00, 0x00, 0x00, 0xFF, 0xFF, 0xFF, 0xFF, 0x01, 0x00, 0x00, 0x00, 
    0x02, 0x02, 0x00, 0x02, 0x02, 0x00, 0x00, 0x00, 0x00, 0x00, 0x00, 0x00, 0x00, 0x00, 0x00, 0x00, 
    0x00, 0x00, 0x00, 0x00, 0x1C, 0x00, 0x00, 0x00, 0x00, 0x00, 0x00, 0x00, 0x24, 0x00, 0x00, 0x00, 
    0x00, 0x50, 0x4F, 0x53, 0x49, 0x54, 0x49, 0x4F, 0x4E, 0x00, 0x54, 0x45, 0x58, 0x43, 0x4F, 0x4F, 
    0x52, 0x44, 0x00, 0x54, 0x45, 0x58, 0x43, 0x4F, 0x4F, 0x52, 0x44, 0x00, 0x56, 0x53, 0x4D, 0x61, 
    0x69, 0x6E, 0x00, 0x00, 0x01, 0x00, 0x00, 0x00, 0x00, 0x00, 0x00, 0x00, 0x10, 0x00, 0x00, 0x00, 
    0x01, 0x00, 0x00, 0x00, 0x00, 0x00, 0x00, 0x00, 0x01, 0x00, 0x43, 0x00, 0x03, 0x00, 0x00, 0x00, 
    0x0A, 0x00, 0x00, 0x00, 0x00, 0x00, 0x00, 0x00, 0x01, 0x01, 0x42, 0x00, 0x03, 0x00, 0x00, 0x00, 
    0x00, 0x00, 0x00, 0x00, 0x00, 0x00, 0x00, 0x00, 0x01, 0x00, 0x44, 0x03, 0x03, 0x04, 0x00, 0x00, 
    0x13, 0x00, 0x00, 0x00, 0x00, 0x00, 0x00, 0x00, 0x01, 0x01, 0x42, 0x00, 0x03, 0x02, 0x00, 0x00, 
    0x01, 0x00, 0x00, 0x00, 0x02, 0x00, 0x00, 0x00, 0x04, 0x00, 0x00, 0x00, 0x00, 0x00, 0x00, 0x00, 
    0x10, 0x00, 0x00, 0x00, 0x20, 0x00, 0x00, 0x00, 0x00, 0x00, 0x00, 0x00, 0x00, 0x00, 0x00, 0x00, 
    0x53, 0x54, 0x41, 0x54, 0xE0, 0x04, 0x00, 0x00, 0x60, 0x00, 0x01, 0x00, 0x38, 0x01, 0x00, 0x00, 
    0x44, 0x58, 0x49, 0x4C, 0x00, 0x01, 0x00, 0x00, 0x10, 0x00, 0x00, 0x00, 0xC8, 0x04, 0x00, 0x00, 
    0x42, 0x43, 0xC0, 0xDE, 0x21, 0x0C, 0x00, 0x00, 0x2F, 0x01, 0x00, 0x00, 0x0B, 0x82, 0x20, 0x00, 
    0x02, 0x00, 0x00, 0x00, 0x13, 0x00, 0x00, 0x00, 0x07, 0x81, 0x23, 0x91, 0x41, 0xC8, 0x04, 0x49, 
    0x06, 0x10, 0x32, 0x39, 0x92, 0x01, 0x84, 0x0C, 0x25, 0x05, 0x08, 0x19, 0x1E, 0x04, 0x8B, 0x62, 
    0x80, 0x10, 0x45, 0x02, 0x42, 0x92, 0x0B, 0x42, 0x84, 0x10, 0x32, 0x14, 0x38, 0x08, 0x18, 0x4B, 
    0x0A, 0x32, 0x42, 0x88, 0x48, 0x90, 0x14, 0x20, 0x43, 0x46, 0x88, 0xA5, 0x00, 0x19, 0x32, 0x42, 
    0xE4, 0x48, 0x0E, 0x90, 0x11, 0x22, 0xC4, 0x50, 0x41, 0x51, 0x81, 0x8C, 0xE1, 0x83, 0xE5, 0x8A, 
    0x04, 0x21, 0x46, 0x06, 0x51, 0x18, 0x00, 0x00, 0x06, 0x00, 0x00, 0x00, 0x1B, 0x8C, 0xE0, 0xFF, 
    0xFF, 0xFF, 0xFF, 0x07, 0x40, 0x02, 0xA8, 0x0D, 0x84, 0xF0, 0xFF, 0xFF, 0xFF, 0xFF, 0x03, 0x20, 
    0x01, 0x00, 0x00, 0x00, 0x49, 0x18, 0x00, 0x00, 0x02, 0x00, 0x00, 0x00, 0x13, 0x82, 0x60, 0x42, 
    0x20, 0x00, 0x00, 0x00, 0x89, 0x20, 0x00, 0x00, 0x0F, 0x00, 0x00, 0x00, 0x32, 0x22, 0x08, 0x09, 
    0x20, 0x64, 0x85, 0x04, 0x13, 0x22, 0xA4, 0x84, 0x04, 0x13, 0x22, 0xE3, 0x84, 0xA1, 0x90, 0x14, 
    0x12, 0x4C, 0x88, 0x8C, 0x0B, 0x84, 0x84, 0x4C, 0x10, 0x30, 0x23, 0x00, 0x25, 0x00, 0x8A, 0x19, 
    0x80, 0x39, 0x02, 0x30, 0x98, 0x23, 0x40, 0x8A, 0x31, 0x44, 0x54, 0x44, 0x56, 0x0C, 0x20, 0xA2, 
    0x1A, 0xC2, 0x81, 0x80, 0x44, 0x20, 0x00, 0x00, 0x13, 0x14, 0x72, 0xC0, 0x87, 0x74, 0x60, 0x87, 
    0x36, 0x68, 0x87, 0x79, 0x68, 0x03, 0x72, 0xC0, 0x87, 0x0D, 0xAF, 0x50, 0x0E, 0x6D, 0xD0, 0x0E, 
    0x7A, 0x50, 0x0E, 0x6D, 0x00, 0x0F, 0x7A, 0x30, 0x07, 0x72, 0xA0, 0x07, 0x73, 0x20, 0x07, 0x6D, 
    0x90, 0x0E, 0x71, 0xA0, 0x07, 0x73, 0x20, 0x07, 0x6D, 0x90, 0x0E, 0x78, 0xA0, 0x07, 0x73, 0x20, 
    0x07, 0x6D, 0x90, 0x0E, 0x71, 0x60, 0x07, 0x7A, 0x30, 0x07, 0x72, 0xD0, 0x06, 0xE9, 0x30, 0x07, 
    0x72, 0xA0, 0x07, 0x73, 0x20, 0x07, 0x6D, 0x90, 0x0E, 0x76, 0x40, 0x07, 0x7A, 0x60, 0x07, 0x74, 
    0xD0, 0x06, 0xE6, 0x10, 0x07, 0x76, 0xA0, 0x07, 0x73, 0x20, 0x07, 0x6D, 0x60, 0x0E, 0x73, 0x20, 
    0x07, 0x7A, 0x30, 0x07, 0x72, 0xD0, 0x06, 0xE6, 0x60, 0x07, 0x74, 0xA0, 0x07, 0x76, 0x40, 0x07, 
    0x6D, 0xE0, 0x0E, 0x78, 0xA0, 0x07, 0x71, 0x60, 0x07, 0x7A, 0x30, 0x07, 0x72, 0xA0, 0x07, 0x76, 
    0x40, 0x07, 0x43, 0x9E, 0x00, 0x08, 0x00, 0x00, 0x00, 0x00, 0x00, 0x00, 0x00, 0x00, 0x00, 0x86, 
    0x3C, 0x06, 0x10, 0x00, 0x01, 0x00, 0x00, 0x00, 0x00, 0x00, 0x00, 0x00, 0x0C, 0x79, 0x10, 0x20, 
    0x00, 0x04, 0x00, 0x00, 0x00, 0x00, 0x00, 0x00, 0x00, 0xC8, 0x02, 0x01, 0x0C, 0x00, 0x00, 0x00, 
    0x32, 0x1E, 0x98, 0x14, 0x19, 0x11, 0x4C, 0x90, 0x8C, 0x09, 0x26, 0x47, 0xC6, 0x04, 0x43, 0xA2, 
    0x12, 0x18, 0x01, 0x28, 0x86, 0x32, 0x28, 0x87, 0xF2, 0x28, 0x8C, 0x52, 0xA0, 0x2A, 0x89, 0x11, 
    0x80, 0x32, 0x28, 0x82, 0x42, 0xA0, 0x1D, 0x0B, 0x31, 0x8C, 0x40, 0x20, 0x00, 0x08, 0x0C, 0x00, 
    0x79, 0x18, 0x00, 0x00, 0x64, 0x00, 0x00, 0x00, 0x1A, 0x03, 0x4C, 0x90, 0x46, 0x02, 0x13, 0xC4, 
    0x8E, 0x0C, 0x6F, 0xEC, 0xED, 0x4D, 0x0C, 0x24, 0xC6, 0x05, 0xC7, 0x45, 0x86, 0x06, 0xE6, 0xC6, 
    0xE5, 0x06, 0x04, 0x85, 0x26, 0xC6, 0xC6, 0x2C, 0x4C, 0xCC, 0x46, 0xAC, 0x26, 0x65, 0x43, 0x10, 
    0x4C, 0x10, 0x88, 0x61, 0x82, 0x40, 0x10, 0x1B, 0x84, 0x81, 0xD8, 0x20, 0x10, 0x04, 0x05, 0xBB, 
    0xB9, 0x09, 0x02, 0x51, 0x6C, 0x18, 0x0E, 0x84, 0x98, 0x20, 0x08, 0xC0, 0x06, 0x60, 0xC3, 0x40, 
    0x2C, 0xCB, 0x86, 0x80, 0xD9, 0x30, 0x0C, 0x4A, 0x33, 0x41, 0x58, 0xA0, 0x0D, 0xC1, 0x43, 0xC3, 
    0x6A, 0xAA, 0x29, 0x2C, 0xCD, 0x8D, 0x08, 0xD4, 0xD3, 0x54, 0x12, 0x55, 0xD2, 0x93, 0xD3, 0x04, 
    0xA1, 0x58, 0x26, 0x08, 0x05, 0xB3, 0x21, 0x20, 0x26, 0x08, 0x45, 0x33, 0x41, 0x20, 0x8C, 0x09, 
    0x02, 0x71, 0x6C, 0x10, 0x2E, 0x6C, 0xC3, 0x42, 0x48, 0x13, 0x55, 0x51, 0x83, 0x45, 0x50, 0x19, 
    0x11, 0xAA, 0x22, 0xAC, 0xA1, 0xA7, 0x27, 0x29, 0xA2, 0x09, 0x42, 0xE1, 0x6C, 0x10, 0xAE, 0x6B, 
    0xC3, 0x32, 0x6C, 0x13, 0x55, 0x51, 0x03, 0x37, 0x50, 0xDD, 0x06, 0x41, 0xF3, 0xB8, 0x4C, 0x59, 
    0x7D, 0x41, 0xBD, 0xCD, 0xA5, 0xD1, 0xA5, 0xBD, 0xB9, 0x4D, 0x10, 0x8A, 0x67, 0x82, 0x40, 0x20, 
    0x1B, 0x84, 0x4B, 0x0C, 0x36, 0x2C, 0x04, 0x18, 0x4C, 0x56, 0x15, 0x06, 0x43, 0x18, 0x10, 0xD4, 
    0x18, 0x6C, 0x58, 0x86, 0x6D, 0xA2, 0x2A, 0x6E, 0xE0, 0x06, 0xAA, 0xDB, 0x20, 0x90, 0x41, 0x19, 
    0x6C, 0x18, 0x3E, 0x33, 0x00, 0x36, 0x14, 0x4A, 0x74, 0x06, 0x00, 0xC0, 0x22, 0xCD, 0x6D, 0x8E, 
    0x6E, 0x6E, 0x82, 0x40, 0x24, 0x34, 0xE6, 0xD2, 0xCE, 0xBE, 0xD8, 0xC8, 0x26, 0x08, 0x84, 0x42, 
    0x63, 0x2E, 0xED, 0xEC, 0x6B, 0x8E, 0x6E, 0x83, 0x91, 0x06, 0x6A, 0xB0, 0x06, 0x6C, 0xD0, 0x06, 
    0x48, 0x15, 0x36, 0x36, 0xBB, 0x36, 0x97, 0x34, 0xB2, 0x32, 0x37, 0xBA, 0x29, 0x41, 0x50, 0x85, 
    0x0C, 0xCF, 0xC5, 0xAE, 0x4C, 0x6E, 0x2E, 0xED, 0xCD, 0x6D, 0x4A, 0x40, 0x34, 0x21, 0xC3, 0x73, 
    0xB1, 0x0B, 0x63, 0xB3, 0x2B, 0x93, 0x9B, 0x12, 0x14, 0x75, 0xC8, 0xF0, 0x5C, 0xE6, 0xD0, 0xC2, 
    0xC8, 0xCA, 0xE4, 0x9A, 0xDE, 0xC8, 0xCA, 0xD8, 0xA6, 0x04, 0x48, 0x25, 0x32, 0x3C, 0x17, 0xBA, 
    0x3C, 0xB8, 0xB2, 0x20, 0x37, 0xB7, 0x37, 0xBA, 0x30, 0xBA, 0xB4, 0x37, 0xB7, 0xB9, 0x29, 0x41, 
    0x53, 0x87, 0x0C, 0xCF, 0xC5, 0x2E, 0xAD, 0xEC, 0x2E, 0x89, 0x6C, 0x8A, 0x2E, 0x8C, 0xAE, 0x6C, 
    0x4A, 0xF0, 0xD4, 0x21, 0xC3, 0x73, 0x29, 0x73, 0xA3, 0x93, 0xCB, 0x83, 0x7A, 0x4B, 0x73, 0xA3, 
    0x9B, 0x9B, 0x12, 0x9C, 0x41, 0x17, 0x32, 0x3C, 0x97, 0xB1, 0xB7, 0x3A, 0x37, 0xBA, 0x32, 0xB9, 
    0xB9, 0x29, 0x41, 0x1B, 0x00, 0x00, 0x00, 0x00, 0x79, 0x18, 0x00, 0x00, 0x4C, 0x00, 0x00, 0x00, 
    0x33, 0x08, 0x80, 0x1C, 0xC4, 0xE1, 0x1C, 0x66, 0x14, 0x01, 0x3D, 0x88, 0x43, 0x38, 0x84, 0xC3, 
    0x8C, 0x42, 0x80, 0x07, 0x79, 0x78, 0x07, 0x73, 0x98, 0x71, 0x0C, 0xE6, 0x00, 0x0F, 0xED, 0x10, 
    0x0E, 0xF4, 0x80, 0x0E, 0x33, 0x0C, 0x42, 0x1E, 0xC2, 0xC1, 0x1D, 0xCE, 0xA1, 0x1C, 0x66, 0x30, 
    0x05, 0x3D, 0x88, 0x43, 0x38, 0x84, 0x83, 0x1B, 0xCC, 0x03, 0x3D, 0xC8, 0x43, 0x3D, 0x8C, 0x03, 
    0x3D, 0xCC, 0x78, 0x8C, 0x74, 0x70, 0x07, 0x7B, 0x08, 0x07, 0x79, 0x48, 0x87, 0x70, 0x70, 0x07, 
    0x7A, 0x70, 0x03, 0x76, 0x78, 0x87, 0x70, 0x20, 0x87, 0x19, 0xCC, 0x11, 0x0E, 0xEC, 0x90, 0x0E, 
    0xE1, 0x30, 0x0F, 0x6E, 0x30, 0x0F, 0xE3, 0xF0, 0x0E, 0xF0, 0x50, 0x0E, 0x33, 0x10, 0xC4, 0x1D, 
    0xDE, 0x21, 0x1C, 0xD8, 0x21, 0x1D, 0xC2, 0x61, 0x1E, 0x66, 0x30, 0x89, 0x3B, 0xBC, 0x83, 0x3B, 
    0xD0, 0x43, 0x39, 0xB4, 0x03, 0x3C, 0xBC, 0x83, 0x3C, 0x84, 0x03, 0x3B, 0xCC, 0xF0, 0x14, 0x76, 
    0x60, 0x07, 0x7B, 0x68, 0x07, 0x37, 0x68, 0x87, 0x72, 0x68, 0x07, 0x37, 0x80, 0x87, 0x70, 0x90, 
    0x87, 0x70, 0x60, 0x07, 0x76, 0x28, 0x07, 0x76, 0xF8, 0x05, 0x76, 0x78, 0x87, 0x77, 0x80, 0x87, 
    0x5F, 0x08, 0x87, 0x71, 0x18, 0x87, 0x72, 0x98, 0x87, 0x79, 0x98, 0x81, 0x2C, 0xEE, 0xF0, 0x0E, 
    0xEE, 0xE0, 0x0E, 0xF5, 0xC0, 0x0E, 0xEC, 0x30, 0x03, 0x62, 0xC8, 0xA1, 0x1C, 0xE4, 0xA1, 0x1C, 
    0xCC, 0xA1, 0x1C, 0xE4, 0xA1, 0x1C, 0xDC, 0x61, 0x1C, 0xCA, 0x21, 0x1C, 0xC4, 0x81, 0x1D, 0xCA, 
    0x61, 0x06, 0xD6, 0x90, 0x43, 0x39, 0xC8, 0x43, 0x39, 0x98, 0x43, 0x39, 0xC8, 0x43, 0x39, 0xB8, 
    0xC3, 0x38, 0x94, 0x43, 0x38, 0x88, 0x03, 0x3B, 0x94, 0xC3, 0x2F, 0xBC, 0x83, 0x3C, 0xFC, 0x82, 
    0x3B, 0xD4, 0x03, 0x3B, 0xB0, 0xC3, 0x0C, 0xC4, 0x21, 0x07, 0x7C, 0x70, 0x03, 0x7A, 0x28, 0x87, 
    0x76, 0x80, 0x87, 0x19, 0xD1, 0x43, 0x0E, 0xF8, 0xE0, 0x06, 0xE4, 0x20, 0x0E, 0xE7, 0xE0, 0x06, 
    0xF6, 0x10, 0x0E, 0xF2, 0xC0, 0x0E, 0xE1, 0x90, 0x0F, 0xEF, 0x50, 0x0F, 0xF4, 0x00, 0x00, 0x00, 
    0x71, 0x20, 0x00, 0x00, 0x0B, 0x00, 0x00, 0x00, 0x06, 0x60, 0xBC, 0xAC, 0x09, 0x20, 0x8D, 0x05, 
    0x4C, 0xC3, 0xE5, 0x3B, 0x8F, 0xBF, 0x38, 0xC0, 0x20, 0x36, 0x0F, 0x35, 0xF9, 0xC5, 0x6D, 0x9B, 
    0x40, 0x35, 0x5C, 0xBE, 0xF3, 0xF8, 0xD2, 0xE4, 0x44, 0x04, 0x4A, 0x4D, 0x0F, 0x35, 0xF9, 0xC5, 
    0x6D, 0x03, 0x00, 0x00, 0x00, 0x00, 0x00, 0x00, 0x48, 0x41, 0x53, 0x48, 0x14, 0x00, 0x00, 0x00, 
    0x00, 0x00, 0x00, 0x00, 0x53, 0x94, 0x4B, 0xD0, 0x3A, 0x96, 0x1D, 0x5F, 0xF6, 0x4D, 0x61, 0xAF, 
    0xB8, 0x4D, 0x7F, 0x4F, 0x44, 0x58, 0x49, 0x4C, 0x34, 0x05, 0x00, 0x00, 0x60, 0x00, 0x01, 0x00, 
    0x4D, 0x01, 0x00, 0x00, 0x44, 0x58, 0x49, 0x4C, 0x00, 0x01, 0x00, 0x00, 0x10, 0x00, 0x00, 0x00, 
    0x1C, 0x05, 0x00, 0x00, 0x42, 0x43, 0xC0, 0xDE, 0x21, 0x0C, 0x00, 0x00, 0x44, 0x01, 0x00, 0x00, 
    0x0B, 0x82, 0x20, 0x00, 0x02, 0x00, 0x00, 0x00, 0x13, 0x00, 0x00, 0x00, 0x07, 0x81, 0x23, 0x91, 
    0x41, 0xC8, 0x04, 0x49, 0x06, 0x10, 0x32, 0x39, 0x92, 0x01, 0x84, 0x0C, 0x25, 0x05, 0x08, 0x19, 
    0x1E, 0x04, 0x8B, 0x62, 0x80, 0x10, 0x45, 0x02, 0x42, 0x92, 0x0B, 0x42, 0x84, 0x10, 0x32, 0x14, 
    0x38, 0x08, 0x18, 0x4B, 0x0A, 0x32, 0x42, 0x88, 0x48, 0x90, 0x14, 0x20, 0x43, 0x46, 0x88, 0xA5, 
    0x00, 0x19, 0x32, 0x42, 0xE4, 0x48, 0x0E, 0x90, 0x11, 0x22, 0xC4, 0x50, 0x41, 0x51, 0x81, 0x8C, 
    0xE1, 0x83, 0xE5, 0x8A, 0x04, 0x21, 0x46, 0x06, 0x51, 0x18, 0x00, 0x00, 0x06, 0x00, 0x00, 0x00, 
    0x1B, 0x8C, 0xE0, 0xFF, 0xFF, 0xFF, 0xFF, 0x07, 0x40, 0x02, 0xA8, 0x0D, 0x84, 0xF0, 0xFF, 0xFF, 
    0xFF, 0xFF, 0x03, 0x20, 0x01, 0x00, 0x00, 0x00, 0x49, 0x18, 0x00, 0x00, 0x02, 0x00, 0x00, 0x00, 
    0x13, 0x82, 0x60, 0x42, 0x20, 0x00, 0x00, 0x00, 0x89, 0x20, 0x00, 0x00, 0x0F, 0x00, 0x00, 0x00, 
    0x32, 0x22, 0x08, 0x09, 0x20, 0x64, 0x85, 0x04, 0x13, 0x22, 0xA4, 0x84, 0x04, 0x13, 0x22, 0xE3, 
    0x84, 0xA1, 0x90, 0x14, 0x12, 0x4C, 0x88, 0x8C, 0x0B, 0x84, 0x84, 0x4C, 0x10, 0x30, 0x23, 0x00, 
    0x25, 0x00, 0x8A, 0x19, 0x80, 0x39, 0x02, 0x30, 0x98, 0x23, 0x40, 0x8A, 0x31, 0x44, 0x54, 0x44, 
    0x56, 0x0C, 0x20, 0xA2, 0x1A, 0xC2, 0x81, 0x80, 0x44, 0x20, 0x00, 0x00, 0x13, 0x14, 0x72, 0xC0, 
    0x87, 0x74, 0x60, 0x87, 0x36, 0x68, 0x87, 0x79, 0x68, 0x03, 0x72, 0xC0, 0x87, 0x0D, 0xAF, 0x50, 
    0x0E, 0x6D, 0xD0, 0x0E, 0x7A, 0x50, 0x0E, 0x6D, 0x00, 0x0F, 0x7A, 0x30, 0x07, 0x72, 0xA0, 0x07, 
    0x73, 0x20, 0x07, 0x6D, 0x90, 0x0E, 0x71, 0xA0, 0x07, 0x73, 0x20, 0x07, 0x6D, 0x90, 0x0E, 0x78, 
    0xA0, 0x07, 0x73, 0x20, 0x07, 0x6D, 0x90, 0x0E, 0x71, 0x60, 0x07, 0x7A, 0x30, 0x07, 0x72, 0xD0, 
    0x06, 0xE9, 0x30, 0x07, 0x72, 0xA0, 0x07, 0x73, 0x20, 0x07, 0x6D, 0x90, 0x0E, 0x76, 0x40, 0x07, 
    0x7A, 0x60, 0x07, 0x74, 0xD0, 0x06, 0xE6, 0x10, 0x07, 0x76, 0xA0, 0x07, 0x73, 0x20, 0x07, 0x6D, 
    0x60, 0x0E, 0x73, 0x20, 0x07, 0x7A, 0x30, 0x07, 0x72, 0xD0, 0x06, 0xE6, 0x60, 0x07, 0x74, 0xA0, 
    0x07, 0x76, 0x40, 0x07, 0x6D, 0xE0, 0x0E, 0x78, 0xA0, 0x07, 0x71, 0x60, 0x07, 0x7A, 0x30, 0x07, 
    0x72, 0xA0, 0x07, 0x76, 0x40, 0x07, 0x43, 0x9E, 0x00, 0x00, 0x00, 0x00, 0x00, 0x00, 0x00, 0x00, 
    0x00, 0x00, 0x00, 0x86, 0x3C, 0x06, 0x10, 0x00, 0x01, 0x00, 0x00, 0x00, 0x00, 0x00, 0x00, 0x00, 
    0x0C, 0x79, 0x10, 0x20, 0x00, 0x04, 0x00, 0x00, 0x00, 0x00, 0x00, 0x00, 0x00, 0xC8, 0x02, 0x01, 
    0x0C, 0x00, 0x00, 0x00, 0x32, 0x1E, 0x98, 0x14, 0x19, 0x11, 0x4C, 0x90, 0x8C, 0x09, 0x26, 0x47, 
    0xC6, 0x04, 0x43, 0xA2, 0x12, 0x18, 0x01, 0x28, 0x88, 0x62, 0x28, 0x83, 0x72, 0x28, 0x0F, 0xAA, 
    0x92, 0x18, 0x01, 0x28, 0x83, 0x22, 0x28, 0x04, 0xDA, 0xB1, 0x10, 0xC3, 0x08, 0x04, 0x02, 0x80, 
    0xC0, 0x00, 0x00, 0x00, 0x79, 0x18, 0x00, 0x00, 0x4E, 0x00, 0x00, 0x00, 0x1A, 0x03, 0x4C, 0x90, 
    0x46, 0x02, 0x13, 0xC4, 0x8E, 0x0C, 0x6F, 0xEC, 0xED, 0x4D, 0x0C, 0x24, 0xC6, 0x05, 0xC7, 0x45, 
    0x86, 0x06, 0xE6, 0xC6, 0xE5, 0x06, 0x04, 0x85, 0x26, 0xC6, 0xC6, 0x2C, 0x4C, 0xCC, 0x46, 0xAC, 
    0x26, 0x65, 0x43, 0x10, 0x4C, 0x10, 0x88, 0x61, 0x82, 0x40, 0x10, 0x1B, 0x84, 0x81, 0x98, 0x20, 
    0x10, 0xC5, 0x06, 0x61, 0x30, 0x28, 0xD8, 0xCD, 0x4D, 0x10, 0x08, 0x63, 0xC3, 0x80, 0x24, 0xC4, 
    0x04, 0x61, 0x79, 0x36, 0x04, 0xCB, 0x04, 0x41, 0x00, 0x68, 0x58, 0x4D, 0x35, 0x85, 0xA5, 0xB9, 
    0x11, 0x81, 0x7A, 0x9A, 0x4A, 0xA2, 0x4A, 0x7A, 0x72, 0x9A, 0x20, 0x14, 0xCA, 0x04, 0xA1, 0x58, 
    0x36, 0x04, 0xC4, 0x04, 0xA1, 0x60, 0x26, 0x08, 0xC4, 0x31, 0x41, 0x20, 0x90, 0x0D, 0x02, 0x55, 
    0x6D, 0x58, 0x88, 0x07, 0x8A, 0xA4, 0x68, 0x98, 0x88, 0xC8, 0x22, 0x42, 0x55, 0x84, 0x35, 0xF4, 
    0xF4, 0x24, 0x45, 0x34, 0x41, 0x28, 0x9A, 0x0D, 0x02, 0x45, 0x6D, 0x58, 0x06, 0x0C, 0x8A, 0xA4, 
    0x68, 0xC8, 0x86, 0x48, 0xDB, 0x20, 0x5C, 0x1B, 0x97, 0x29, 0xAB, 0x2F, 0xA8, 0xB7, 0xB9, 0x34, 
    0xBA, 0xB4, 0x37, 0xB7, 0x09, 0x42, 0xE1, 0x4C, 0x10, 0x88, 0x64, 0x83, 0x40, 0x7D, 0x1B, 0x16, 
    0xA2, 0x83, 0x26, 0xC9, 0x1B, 0x3C, 0x22, 0x02, 0x83, 0x0D, 0xCB, 0x80, 0x41, 0x91, 0x94, 0x0D, 
    0xD9, 0x10, 0x69, 0x1B, 0x84, 0x30, 0x10, 0x83, 0x0D, 0x03, 0x37, 0x06, 0xC0, 0x86, 0xA2, 0x71, 
    0xC8, 0x00, 0x00, 0xAA, 0xB0, 0xB1, 0xD9, 0xB5, 0xB9, 0xA4, 0x91, 0x95, 0xB9, 0xD1, 0x4D, 0x09, 
    0x82, 0x2A, 0x64, 0x78, 0x2E, 0x76, 0x65, 0x72, 0x73, 0x69, 0x6F, 0x6E, 0x53, 0x02, 0xA2, 0x09, 
    0x19, 0x9E, 0x8B, 0x5D, 0x18, 0x9B, 0x5D, 0x99, 0xDC, 0x94, 0xC0, 0xA8, 0x43, 0x86, 0xE7, 0x32, 
    0x87, 0x16, 0x46, 0x56, 0x26, 0xD7, 0xF4, 0x46, 0x56, 0xC6, 0x36, 0x25, 0x48, 0xEA, 0x90, 0xE1, 
    0xB9, 0xD8, 0xA5, 0x95, 0xDD, 0x25, 0x91, 0x4D, 0xD1, 0x85, 0xD1, 0x95, 0x4D, 0x09, 0x96, 0x3A, 
    0x64, 0x78, 0x2E, 0x65, 0x6E, 0x74, 0x72, 0x79, 0x50, 0x6F, 0x69, 0x6E, 0x74, 0x73, 0x53, 0x02, 
    0x32, 0x00, 0x00, 0x00, 0x79, 0x18, 0x00, 0x00, 0x4C, 0x00, 0x00, 0x00, 0x33, 0x08, 0x80, 0x1C, 
    0xC4, 0xE1, 0x1C, 0x66, 0x14, 0x01, 0x3D, 0x88, 0x43, 0x38, 0x84, 0xC3, 0x8C, 0x42, 0x80, 0x07, 
    0x79, 0x78, 0x07, 0x73, 0x98, 0x71, 0x0C, 0xE6, 0x00, 0x0F, 0xED, 0x10, 0x0E, 0xF4, 0x80, 0x0E, 
    0x33, 0x0C, 0x42, 0x1E, 0xC2, 0xC1, 0x1D, 0xCE, 0xA1, 0x1C, 0x66, 0x30, 0x05, 0x3D, 0x88, 0x43, 
    0x38, 0x84, 0x83, 0x1B, 0xCC, 0x03, 0x3D, 0xC8, 0x43, 0x3D, 0x8C, 0x03, 0x3D, 0xCC, 0x78, 0x8C, 
    0x74, 0x70, 0x07, 0x7B, 0x08, 0x07, 0x79, 0x48, 0x87, 0x70, 0x70, 0x07, 0x7A, 0x70, 0x03, 0x76, 
    0x78, 0x87, 0x70, 0x20, 0x87, 0x19, 0xCC, 0x11, 0x0E, 0xEC, 0x90, 0x0E, 0xE1, 0x30, 0x0F, 0x6E, 
    0x30, 0x0F, 0xE3, 0xF0, 0x0E, 0xF0, 0x50, 0x0E, 0x33, 0x10, 0xC4, 0x1D, 0xDE, 0x21, 0x1C, 0xD8, 
    0x21, 0x1D, 0xC2, 0x61, 0x1E, 0x66, 0x30, 0x89, 0x3B, 0xBC, 0x83, 0x3B, 0xD0, 0x43, 0x39, 0xB4, 
    0x03, 0x3C, 0xBC, 0x83, 0x3C, 0x84, 0x03, 0x3B, 0xCC, 0xF0, 0x14, 0x76, 0x60, 0x07, 0x7B, 0x68, 
    0x07, 0x37, 0x68, 0x87, 0x72, 0x68, 0x07, 0x37, 0x80, 0x87, 0x70, 0x90, 0x87, 0x70, 0x60, 0x07, 
    0x76, 0x28, 0x07, 0x76, 0xF8, 0x05, 0x76, 0x78, 0x87, 0x77, 0x80, 0x87, 0x5F, 0x08, 0x87, 0x71, 
    0x18, 0x87, 0x72, 0x98, 0x87, 0x79, 0x98, 0x81, 0x2C, 0xEE, 0xF0, 0x0E, 0xEE, 0xE0, 0x0E, 0xF5, 
    0xC0, 0x0E, 0xEC, 0x30, 0x03, 0x62, 0xC8, 0xA1, 0x1C, 0xE4, 0xA1, 0x1C, 0xCC, 0xA1, 0x1C, 0xE4, 
    0xA1, 0x1C, 0xDC, 0x61, 0x1C, 0xCA, 0x21, 0x1C, 0xC4, 0x81, 0x1D, 0xCA, 0x61, 0x06, 0xD6, 0x90, 
    0x43, 0x39, 0xC8, 0x43, 0x39, 0x98, 0x43, 0x39, 0xC8, 0x43, 0x39, 0xB8, 0xC3, 0x38, 0x94, 0x43, 
    0x38, 0x88, 0x03, 0x3B, 0x94, 0xC3, 0x2F, 0xBC, 0x83, 0x3C, 0xFC, 0x82, 0x3B, 0xD4, 0x03, 0x3B, 
    0xB0, 0xC3, 0x0C, 0xC4, 0x21, 0x07, 0x7C, 0x70, 0x03, 0x7A, 0x28, 0x87, 0x76, 0x80, 0x87, 0x19, 
    0xD1, 0x43, 0x0E, 0xF8, 0xE0, 0x06, 0xE4, 0x20, 0x0E, 0xE7, 0xE0, 0x06, 0xF6, 0x10, 0x0E, 0xF2, 
    0xC0, 0x0E, 0xE1, 0x90, 0x0F, 0xEF, 0x50, 0x0F, 0xF4, 0x00, 0x00, 0x00, 0x71, 0x20, 0x00, 0x00, 
    0x0B, 0x00, 0x00, 0x00, 0x06, 0x60, 0xBC, 0xAC, 0x09, 0x20, 0x8D, 0x05, 0x4C, 0xC3, 0xE5, 0x3B, 
    0x8F, 0xBF, 0x38, 0xC0, 0x20, 0x36, 0x0F, 0x35, 0xF9, 0xC5, 0x6D, 0x9B, 0x40, 0x35, 0x5C, 0xBE, 
    0xF3, 0xF8, 0xD2, 0xE4, 0x44, 0x04, 0x4A, 0x4D, 0x0F, 0x35, 0xF9, 0xC5, 0x6D, 0x03, 0x00, 0x00, 
    0x61, 0x20, 0x00, 0x00, 0x29, 0x00, 0x00, 0x00, 0x13, 0x04, 0x41, 0x2C, 0x10, 0x00, 0x00, 0x00, 
    0x05, 0x00, 0x00, 0x00, 0x54, 0x25, 0x40, 0x54, 0x0A, 0x85, 0x30, 0x03, 0x40, 0x33, 0x46, 0x00, 
    0x82, 0x20, 0x88, 0x7F, 0x00, 0x00, 0x00, 0x00, 0x23, 0x06, 0x09, 0x00, 0x82, 0x60, 0x60, 0x50, 
    0x83, 0x14, 0x29, 0xC2, 0x88, 0x41, 0x02, 0x80, 0x20, 0x18, 0x18, 0x15, 0x31, 0x49, 0xC6, 0x30, 
    0x62, 0x90, 0x00, 0x20, 0x08, 0x06, 0x86, 0x55, 0x4C, 0x13, 0x43, 0x8C, 0x18, 0x24, 0x00, 0x08, 
    0x82, 0x81, 0x71, 0x19, 0x14, 0x85, 0x14, 0x23, 0x06, 0x09, 0x00, 0x82, 0x60, 0x60, 0x60, 0x47, 
    0x55, 0x31, 0xC6, 0x88, 0x41, 0x02, 0x80, 0x20, 0x18, 0x20, 0x58, 0x62, 0x59, 0xCF, 0x30, 0x62, 
    0x90, 0x00, 0x20, 0x08, 0x06, 0x08, 0x96, 0x58, 0x96, 0x22, 0x8C, 0x18, 0x24, 0x00, 0x08, 0x82, 
    0x01, 0x82, 0x25, 0x96, 0xD5, 0x04, 0x23, 0x06, 0x09, 0x00, 0x82, 0x60, 0x80, 0x60, 0x89, 0x65, 
    0x39, 0xC6, 0x88, 0x41, 0x02, 0x80, 0x20, 0x18, 0x20, 0x58, 0x72, 0x59, 0x4F, 0x31, 0x62, 0x90, 
    0x00, 0x20, 0x08, 0x06, 0x08, 0x96, 0x5C, 0x96, 0x42, 0x20, 0x00, 0x00, 0x00, 0x00, 0x00, 0x00, 
};

inline constexpr unsigned char g_binkVSSpirv[] = {
    0x03, 0x02, 0x23, 0x07, 0x00, 0x00, 0x01, 0x00, 0x00, 0x00, 0x0E, 0x00, 0x18, 0x00, 0x00, 0x00, 
    0x00, 0x00, 0x00, 0x00, 0x11, 0x00, 0x02, 0x00, 0x01, 0x00, 0x00, 0x00, 0x0E, 0x00, 0x03, 0x00, 
    0x00, 0x00, 0x00, 0x00, 0x01, 0x00, 0x00, 0x00, 0x0F, 0x00, 0x09, 0x00, 0x00, 0x00, 0x00, 0x00, 
    0x01, 0x00, 0x00, 0x00, 0x56, 0x53, 0x4D, 0x61, 0x69, 0x6E, 0x00, 0x00, 0x02, 0x00, 0x00, 0x00, 
    0x03, 0x00, 0x00, 0x00, 0x04, 0x00, 0x00, 0x00, 0x05, 0x00, 0x00, 0x00, 0x03, 0x00, 0x03, 0x00, 
    0x05, 0x00, 0x00, 0x00, 0x58, 0x02, 0x00, 0x00, 0x05, 0x00, 0x06, 0x00, 0x02, 0x00, 0x00, 0x00, 
    0x69, 0x6E, 0x2E, 0x76, 0x61, 0x72, 0x2E, 0x50, 0x4F, 0x53, 0x49, 0x54, 0x49, 0x4F, 0x4E, 0x00, 
    0x05, 0x00, 0x07, 0x00, 0x03, 0x00, 0x00, 0x00, 0x69, 0x6E, 0x2E, 0x76, 0x61, 0x72, 0x2E, 0x54, 
    0x45, 0x58, 0x43, 0x4F, 0x4F, 0x52, 0x44, 0x30, 0x00, 0x00, 0x00, 0x00, 0x05, 0x00, 0x07, 0x00, 
    0x05, 0x00, 0x00, 0x00, 0x6F, 0x75, 0x74, 0x2E, 0x76, 0x61, 0x72, 0x2E, 0x54, 0x45, 0x58, 0x43, 
    0x4F, 0x4F, 0x52, 0x44, 0x30, 0x00, 0x00, 0x00, 0x05, 0x00, 0x04, 0x00, 0x01, 0x00, 0x00, 0x00, 
    0x56, 0x53, 0x4D, 0x61, 0x69, 0x6E, 0x00, 0x00, 0x47, 0x00, 0x04, 0x00, 0x04, 0x00, 0x00, 0x00, 
    0x0B, 0x00, 0x00, 0x00, 0x00, 0x00, 0x00, 0x00, 0x47, 0x00, 0x04, 0x00, 0x02, 0x00, 0x00, 0x00, 
    0x1E, 0x00, 0x00, 0x00, 0x00, 0x00, 0x00, 0x00, 0x47, 0x00, 0x04, 0x00, 0x03, 0x00, 0x00, 0x00, 
    0x1E, 0x00, 0x00, 0x00, 0x01, 0x00, 0x00, 0x00, 0x47, 0x00, 0x04, 0x00, 0x05, 0x00, 0x00, 0x00, 
    0x1E, 0x00, 0x00, 0x00, 0x00, 0x00, 0x00, 0x00, 0x16, 0x00, 0x03, 0x00, 0x06, 0x00, 0x00, 0x00, 
    0x20, 0x00, 0x00, 0x00, 0x2B, 0x00, 0x04, 0x00, 0x06, 0x00, 0x00, 0x00, 0x07, 0x00, 0x00, 0x00, 
    0x00, 0x00, 0x80, 0x3F, 0x17, 0x00, 0x04, 0x00, 0x08, 0x00, 0x00, 0x00, 0x06, 0x00, 0x00, 0x00, 
    0x04, 0x00, 0x00, 0x00, 0x17, 0x00, 0x04, 0x00, 0x09, 0x00, 0x00, 0x00, 0x06, 0x00, 0x00, 0x00, 
    0x03, 0x00, 0x00, 0x00, 0x20, 0x00, 0x04, 0x00, 0x0A, 0x00, 0x00, 0x00, 0x01, 0x00, 0x00, 0x00, 
    0x09, 0x00, 0x00, 0x00, 0x17, 0x00, 0x04, 0x00, 0x0B, 0x00, 0x00, 0x00, 0x06, 0x00, 0x00, 0x00, 
    0x02, 0x00, 0x00, 0x00, 0x20, 0x00, 0x04, 0x00, 0x0C, 0x00, 0x00, 0x00, 0x01, 0x00, 0x00, 0x00, 
    0x0B, 0x00, 0x00, 0x00, 0x20, 0x00, 0x04, 0x00, 0x0D, 0x00, 0x00, 0x00, 0x03, 0x00, 0x00, 0x00, 
    0x08, 0x00, 0x00, 0x00, 0x20, 0x00, 0x04, 0x00, 0x0E, 0x00, 0x00, 0x00, 0x03, 0x00, 0x00, 0x00, 
    0x0B, 0x00, 0x00, 0x00, 0x13, 0x00, 0x02, 0x00, 0x0F, 0x00, 0x00, 0x00, 0x21, 0x00, 0x03, 0x00, 
    0x10, 0x00, 0x00, 0x00, 0x0F, 0x00, 0x00, 0x00, 0x3B, 0x00, 0x04, 0x00, 0x0A, 0x00, 0x00, 0x00, 
    0x02, 0x00, 0x00, 0x00, 0x01, 0x00, 0x00, 0x00, 0x3B, 0x00, 0x04, 0x00, 0x0C, 0x00, 0x00, 0x00, 
    0x03, 0x00, 0x00, 0x00, 0x01, 0x00, 0x00, 0x00, 0x3B, 0x00, 0x04, 0x00, 0x0D, 0x00, 0x00, 0x00, 
    0x04, 0x00, 0x00, 0x00, 0x03, 0x00, 0x00, 0x00, 0x3B, 0x00, 0x04, 0x00, 0x0E, 0x00, 0x00, 0x00, 
    0x05, 0x00, 0x00, 0x00, 0x03, 0x00, 0x00, 0x00, 0x36, 0x00, 0x05, 0x00, 0x0F, 0x00, 0x00, 0x00, 
    0x01, 0x00, 0x00, 0x00, 0x00, 0x00, 0x00, 0x00, 0x10, 0x00, 0x00, 0x00, 0xF8, 0x00, 0x02, 0x00, 
    0x11, 0x00, 0x00, 0x00, 0x3D, 0x00, 0x04, 0x00, 0x09, 0x00, 0x00, 0x00, 0x12, 0x00, 0x00, 0x00, 
    0x02, 0x00, 0x00, 0x00, 0x3D, 0x00, 0x04, 0x00, 0x0B, 0x00, 0x00, 0x00, 0x13, 0x00, 0x00, 0x00, 
    0x03, 0x00, 0x00, 0x00, 0x51, 0x00, 0x05, 0x00, 0x06, 0x00, 0x00, 0x00, 0x14, 0x00, 0x00, 0x00, 
    0x12, 0x00, 0x00, 0x00, 0x00, 0x00, 0x00, 0x00, 0x51, 0x00, 0x05, 0x00, 0x06, 0x00, 0x00, 0x00, 
    0x15, 0x00, 0x00, 0x00, 0x12, 0x00, 0x00, 0x00, 0x01, 0x00, 0x00, 0x00, 0x51, 0x00, 0x05, 0x00, 
    0x06, 0x00, 0x00, 0x00, 0x16, 0x00, 0x00, 0x00, 0x12, 0x00, 0x00, 0x00, 0x02, 0x00, 0x00, 0x00, 
    0x50, 0x00, 0x07, 0x00, 0x08, 0x00, 0x00, 0x00, 0x17, 0x00, 0x00, 0x00, 0x14, 0x00, 0x00, 0x00, 
    0x15, 0x00, 0x00, 0x00, 0x16, 0x00, 0x00, 0x00, 0x07, 0x00, 0x00, 0x00, 0x3E, 0x00, 0x03, 0x00, 
    0x04, 0x00, 0x00, 0x00, 0x17, 0x00, 0x00, 0x00, 0x3E, 0x00, 0x03, 0x00, 0x05, 0x00, 0x00, 0x00, 
    0x13, 0x00, 0x00, 0x00, 0xFD, 0x00, 0x01, 0x00, 0x38, 0x00, 0x01, 0x00, 
};

inline constexpr unsigned char g_binkPSDxil[] = {
    0x44, 0x58, 0x42, 0x43, 0x23, 0xE8, 0x06, 0x3F, 0x72, 0x54, 0xFB, 0x95, 0x49, 0x23, 0x0B, 0x21, 
    0x6E, 0x13, 0x61, 0x0A, 0x01, 0x00, 0x00, 0x00, 0xDC, 0x13, 0x00, 0x00, 0x07, 0x00, 0x00, 0x00, 
    0x3C, 0x00, 0x00, 0x00, 0x4C, 0x00, 0x00, 0x00, 0xB4, 0x00, 0x00, 0x00, 0xF0, 0x00, 0x00, 0x00, 
    0x3C, 0x02, 0x00, 0x00, 0x9C, 0x0A, 0x00, 0x00, 0xB8, 0x0A, 0x00, 0x00, 0x53, 0x46, 0x49, 0x30, 
    0x08, 0x00, 0x00, 0x00, 0x00, 0x00, 0x00, 0x00, 0x00, 0x00, 0x00, 0x00, 0x49, 0x53, 0x47, 0x31, 
    0x60, 0x00, 0x00, 0x00, 0x02, 0x00, 0x00, 0x00, 0x08, 0x00, 0x00, 0x00, 0x00, 0x00, 0x00, 0x00, 
    0x48, 0x00, 0x00, 0x00, 0x00, 0x00, 0x00, 0x00, 0x01, 0x00, 0x00, 0x00, 0x03, 0x00, 0x00, 0x00, 
    0x00, 0x00, 0x00, 0x00, 0x0F, 0x00, 0x00, 0x00, 0x00, 0x00, 0x00, 0x00, 0x00, 0x00, 0x00, 0x00, 
    0x54, 0x00, 0x00, 0x00, 0x00, 0x00, 0x00, 0x00, 0x00, 0x00, 0x00, 0x00, 0x03, 0x00, 0x00, 0x00, 
    0x01, 0x00, 0x00, 0x00, 0x03, 0x03, 0x00, 0x00, 0x00, 0x00, 0x00, 0x00, 0x53, 0x56, 0x5F, 0x50, 
    0x6F, 0x73, 0x69, 0x74, 0x69, 0x6F, 0x6E, 0x00, 0x54, 0x45, 0x58, 0x43, 0x4F, 0x4F, 0x52, 0x44, 
    0x00, 0x00, 0x00, 0x00, 0x4F, 0x53, 0x47, 0x31, 0x34, 0x00, 0x00, 0x00, 0x01, 0x00, 0x00, 0x00, 
    0x08, 0x00, 0x00, 0x00, 0x00, 0x00, 0x00, 0x00, 0x28, 0x00, 0x00, 0x00, 0x00, 0x00, 0x00, 0x00, 
    0x40, 0x00, 0x00, 0x00, 0x03, 0x00, 0x00, 0x00, 0x00, 0x00, 0x00, 0x00, 0x0F, 0x00, 0x00, 0x00, 
    0x00, 0x00, 0x00, 0x00, 0x53, 0x56, 0x5F, 0x54, 0x61, 0x72, 0x67, 0x65, 0x74, 0x00, 0x00, 0x00, 
    0x50, 0x53, 0x56, 0x30, 0x44, 0x01, 0x00, 0x00, 0x34, 0x00, 0x00, 0x00, 0x00, 0x00, 0x00, 0x00, 
    0x00, 0x00, 0x00, 0x00, 0x00, 0x00, 0x00, 0x00, 0x00, 0x00, 0x00, 0x00, 0x00, 0x00, 0x00, 0x00, 
    0xFF, 0xFF, 0xFF, 0xFF, 0x00, 0x00, 0x00, 0x00, 0x02, 0x01, 0x00, 0x02, 0x01, 0x00, 0x00, 0x00, 
    0x00, 0x00, 0x00, 0x00, 0x00, 0x00, 0x00, 0x00, 0x00, 0x00, 0x00, 0x00, 0x0A, 0x00, 0x00, 0x00, 
    0x06, 0x00, 0x00, 0x00, 0x18, 0x00, 0x00, 0x00, 0x02, 0x00, 0x00, 0x00, 0x00, 0x00, 0x00, 0x00, 
    0x05, 0x00, 0x00, 0x00, 0x05, 0x00, 0x00, 0x00, 0x0D, 0x00, 0x00, 0x00, 0x00, 0x00, 0x00, 0x00, 
    0x01, 0x00, 0x00, 0x00, 0x00, 0x00, 0x00, 0x00, 0x04, 0x00, 0x00, 0x00, 0x04, 0x00, 0x00, 0x00, 
    0x0E, 0x00, 0x00, 0x00, 0x00, 0x00, 0x00, 0x00, 0x03, 0x00, 0x00, 0x00, 0x00, 0x00, 0x00, 0x00, 
    0x00, 0x00, 0x00, 0x00, 0x00, 0x00, 0x00, 0x00, 0x02, 0x00, 0x00, 0x00, 0x00, 0x00, 0x00, 0x00, 
    0x03, 0x00, 0x00, 0x00, 0x00, 0x00, 0x00, 0x00, 0x01, 0x00, 0x00, 0x00, 0x01, 0x00, 0x00, 0x00, 
    0x02, 0x00, 0x00, 0x00, 0x00, 0x00, 0x00, 0x00, 0x03, 0x00, 0x00, 0x00, 0x00, 0x00, 0x00, 0x00, 
    0x02, 0x00, 0x00, 0x00, 0x02, 0x00, 0x00, 0x00, 0x02, 0x00, 0x00, 0x00, 0x00, 0x00, 0x00, 0x00, 
    0x03, 0x00, 0x00, 0x00, 0x00, 0x00, 0x00, 0x00, 0x03, 0x00, 0x00, 0x00, 0x03, 0x00, 0x00, 0x00, 
    0x02, 0x00, 0x00, 0x00, 0x00, 0x00, 0x00, 0x00, 0x14, 0x00, 0x00, 0x00, 0x00, 0x54, 0x45, 0x58, 
    0x43, 0x4F, 0x4F, 0x52, 0x44, 0x00, 0x50, 0x53, 0x4D, 0x61, 0x69, 0x6E, 0x00, 0x00, 0x00, 0x00, 
    0x01, 0x00, 0x00, 0x00, 0x00, 0x00, 0x00, 0x00, 0x10, 0x00, 0x00, 0x00, 0x00, 0x00, 0x00, 0x00, 
    0x00, 0x00, 0x00, 0x00, 0x01, 0x00, 0x44, 0x03, 0x03, 0x04, 0x00, 0x00, 0x01, 0x00, 0x00, 0x00, 
    0x00, 0x00, 0x00, 0x00, 0x01, 0x01, 0x42, 0x00, 0x03, 0x02, 0x00, 0x00, 0x00, 0x00, 0x00, 0x00, 
    0x00, 0x00, 0x00, 0x00, 0x01, 0x00, 0x44, 0x10, 0x03, 0x00, 0x00, 0x00, 0x00, 0x00, 0x00, 0x00, 
    0x00, 0x00, 0x00, 0x00, 0x00, 0x00, 0x00, 0x00, 0x00, 0x00, 0x00, 0x00, 0x0F, 0x00, 0x00, 0x00, 
    0x0F, 0x00, 0x00, 0x00, 0x00, 0x00, 0x00, 0x00, 0x00, 0x00, 0x00, 0x00, 0x53, 0x54, 0x41, 0x54, 
    0x58, 0x08, 0x00, 0x00, 0x60, 0x00, 0x00, 0x00, 0x16, 0x02, 0x00, 0x00, 0x44, 0x58, 0x49, 0x4C, 
    0x00, 0x01, 0x00, 0x00, 0x10, 0x00, 0x00, 0x00, 0x40, 0x08, 0x00, 0x00, 0x42, 0x43, 0xC0, 0xDE, 
    0x21, 0x0C, 0x00, 0x00, 0x0D, 0x02, 0x00, 0x00, 0x0B, 0x82, 0x20, 0x00, 0x02, 0x00, 0x00, 0x00, 
    0x13, 0x00, 0x00, 0x00, 0x07, 0x81, 0x23, 0x91, 0x41, 0xC8, 0x04, 0x49, 0x06, 0x10, 0x32, 0x39, 
    0x92, 0x01, 0x84, 0x0C, 0x25, 0x05, 0x08, 0x19, 0x1E, 0x04, 0x8B, 0x62, 0x80, 0x18, 0x45, 0x02, 
    0x42, 0x92, 0x0B, 0x42, 0xC4, 0x10, 0x32, 0x14, 0x38, 0x08, 0x18, 0x4B, 0x0A, 0x32, 0x62, 0x88, 
    0x48, 0x90, 0x14, 0x20, 0x43, 0x46, 0x88, 0xA5, 0x00, 0x19, 0x32, 0x42, 0xE4, 0x48, 0x0E, 0x90, 
    0x11, 0x23, 0xC4, 0x50, 0x41, 0x51, 0x81, 0x8C, 0xE1, 0x83, 0xE5, 0x8A, 0x04, 0x31, 0x46, 0x06, 
    0x51, 0x18, 0x00, 0x00, 0x08, 0x00, 0x00, 0x00, 0x1B, 0x8C, 0xE0, 0xFF, 0xFF, 0xFF, 0xFF, 0x07, 
    0x40, 0x02, 0xA8, 0x0D, 0x84, 0xF0, 0xFF, 0xFF, 0xFF, 0xFF, 0x03, 0x20, 0x6D, 0x30, 0x86, 0xFF, 
    0xFF, 0xFF, 0xFF, 0x1F, 0x00, 0x09, 0xA8, 0x00, 0x49, 0x18, 0x00, 0x00, 0x03, 0x00, 0x00, 0x00, 
    0x13, 0x82, 0x60, 0x42, 0x20, 0x4C, 0x08, 0x06, 0x00, 0x00, 0x00, 0x00, 0x89, 0x20, 0x00, 0x00, 
    0x5B, 0x00, 0x00, 0x00, 0x32, 0x22, 0x88, 0x09, 0x20, 0x64, 0x85, 0x04, 0x13, 0x23, 0xA4, 0x84, 
    0x04, 0x13, 0x23, 0xE3, 0x84, 0xA1, 0x90, 0x14, 0x12, 0x4C, 0x8C, 0x8C, 0x0B, 0x84, 0xC4, 0x4C, 
    0x10, 0xA0, 0xC1, 0x08, 0x40, 0x09, 0x00, 0x0A, 0x66, 0x00, 0xE6, 0x08, 0xC0, 0x60, 0x8E, 0x00, 
    0x29, 0xC6, 0x40, 0x10, 0x44, 0x41, 0x90, 0x51, 0x0C, 0x80, 0x20, 0x88, 0x62, 0x20, 0xE4, 0xA6, 
    0xE1, 0xF2, 0x27, 0xEC, 0x21, 0x24, 0x7F, 0x25, 0xA4, 0x95, 0x98, 0xFC, 0xE2, 0xB6, 0x51, 0x31, 
    0x0C, 0xC3, 0x40, 0x50, 0x71, 0xCF, 0x70, 0xF9, 0x13, 0xF6, 0x10, 0x92, 0x1F, 0x02, 0xCD, 0xB0, 
    0x10, 0x28, 0x58, 0x0A, 0xA3, 0x10, 0x0C, 0x33, 0x0C, 0xC3, 0x40, 0x10, 0xC4, 0x40, 0x4D, 0x51, 
    0x06, 0x62, 0x18, 0x86, 0x61, 0x18, 0x86, 0x81, 0x9E, 0x32, 0x0C, 0xC4, 0x40, 0xD1, 0x51, 0xC3, 
    0xE5, 0x4F, 0xD8, 0x43, 0x48, 0x3E, 0xB7, 0x51, 0xC5, 0x4A, 0x4C, 0x7E, 0x71, 0xDB, 0x88, 0x18, 
    0x86, 0x61, 0x28, 0xC4, 0x44, 0x30, 0x04, 0x51, 0x47, 0x0D, 0x97, 0x3F, 0x61, 0x0F, 0x21, 0xF9, 
    0xDC, 0x46, 0x15, 0x2B, 0x31, 0xF9, 0xC8, 0x6D, 0x23, 0x82, 0x20, 0x08, 0xA2, 0x10, 0x16, 0xC1, 
    0x10, 0x74, 0xCD, 0x11, 0x04, 0xC5, 0x60, 0x88, 0x82, 0x20, 0x32, 0xD2, 0x06, 0x02, 0x86, 0x11, 
    0x88, 0x61, 0xA6, 0x36, 0x18, 0x07, 0x76, 0x08, 0x87, 0x79, 0x98, 0x07, 0x37, 0xA0, 0x85, 0x72, 
    0xC0, 0x07, 0x7A, 0xA8, 0x07, 0x79, 0x28, 0x07, 0x39, 0x20, 0x05, 0x3E, 0xB0, 0x87, 0x72, 0x18, 
    0x07, 0x7A, 0x78, 0x07, 0x79, 0xE0, 0x03, 0x73, 0x60, 0x87, 0x77, 0x08, 0x07, 0x7A, 0x60, 0x03, 
    0x30, 0xA0, 0x03, 0x3F, 0x00, 0x03, 0x3F, 0xD0, 0x03, 0x3D, 0x68, 0x87, 0x74, 0x80, 0x87, 0x79, 
    0xF8, 0x05, 0x7A, 0xC8, 0x07, 0x78, 0x28, 0x07, 0x14, 0x10, 0x33, 0x89, 0xC1, 0x38, 0xB0, 0x43, 
    0x38, 0xCC, 0xC3, 0x3C, 0xB8, 0x01, 0x2D, 0x94, 0x03, 0x3E, 0xD0, 0x43, 0x3D, 0xC8, 0x43, 0x39, 
    0xC8, 0x01, 0x29, 0xF0, 0x81, 0x3D, 0x94, 0xC3, 0x38, 0xD0, 0xC3, 0x3B, 0xC8, 0x03, 0x1F, 0x98, 
    0x03, 0x3B, 0xBC, 0x43, 0x38, 0xD0, 0x03, 0x1B, 0x80, 0x01, 0x1D, 0xF8, 0x01, 0x18, 0xF8, 0x01, 
    0x12, 0x3A, 0x8F, 0xBE, 0x24, 0xE8, 0x86, 0x11, 0x06, 0xE2, 0x9A, 0x0D, 0x69, 0x14, 0xCE, 0x69, 
    0xA4, 0x09, 0x68, 0x26, 0x09, 0x0D, 0x21, 0x21, 0xD2, 0x78, 0x93, 0x34, 0x45, 0x94, 0x30, 0xF9, 
    0x2C, 0xC0, 0x3C, 0x0B, 0x11, 0xB1, 0x13, 0x30, 0x11, 0x28, 0x20, 0xA8, 0x4C, 0x04, 0x02, 0x00, 
    0x13, 0x14, 0x72, 0xC0, 0x87, 0x74, 0x60, 0x87, 0x36, 0x68, 0x87, 0x79, 0x68, 0x03, 0x72, 0xC0, 
    0x87, 0x0D, 0xAF, 0x50, 0x0E, 0x6D, 0xD0, 0x0E, 0x7A, 0x50, 0x0E, 0x6D, 0x00, 0x0F, 0x7A, 0x30, 
    0x07, 0x72, 0xA0, 0x07, 0x73, 0x20, 0x07, 0x6D, 0x90, 0x0E, 0x71, 0xA0, 0x07, 0x73, 0x20, 0x07, 
    0x6D, 0x90, 0x0E, 0x78, 0xA0, 0x07, 0x73, 0x20, 0x07, 0x6D, 0x90, 0x0E, 0x71, 0x60, 0x07, 0x7A, 
    0x30, 0x07, 0x72, 0xD0, 0x06, 0xE9, 0x30, 0x07, 0x72, 0xA0, 0x07, 0x73, 0x20, 0x07, 0x6D, 0x90, 
    0x0E, 0x76, 0x40, 0x07, 0x7A, 0x60, 0x07, 0x74, 0xD0, 0x06, 0xE6, 0x10, 0x07, 0x76, 0xA0, 0x07, 
    0x73, 0x20, 0x07, 0x6D, 0x60, 0x0E, 0x73, 0x20, 0x07, 0x7A, 0x30, 0x07, 0x72, 0xD0, 0x06, 0xE6, 
    0x60, 0x07, 0x74, 0xA0, 0x07, 0x76, 0x40, 0x07, 0x6D, 0xE0, 0x0E, 0x78, 0xA0, 0x07, 0x71, 0x60, 
    0x07, 0x7A, 0x30, 0x07, 0x72, 0xA0, 0x07, 0x76, 0x40, 0x07, 0x43, 0x9E, 0x00, 0x08, 0x00, 0x00, 
    0x00, 0x00, 0x00, 0x00, 0x00, 0x00, 0x00, 0x86, 0x3C, 0x06, 0x10, 0x00, 0x01, 0x00, 0x00, 0x00, 
    0x00, 0x00, 0x00, 0x00, 0x0C, 0x79, 0x10, 0x20, 0x00, 0x04, 0x00, 0x00, 0x00, 0x00, 0x00, 0x00, 
    0x00, 0x18, 0xF2, 0x34, 0x40, 0x00, 0x0C, 0x00, 0x00, 0x00, 0x00, 0x00, 0x00, 0x00, 0x30, 0xE4, 
    0x79, 0x80, 0x00, 0x08, 0x00, 0x00, 0x00, 0x00, 0x00, 0x00, 0x00, 0x60, 0xC8, 0x13, 0x01, 0x01, 
    0x10, 0x00, 0x00, 0x00, 0x00, 0x00, 0x00, 0x00, 0xC0, 0x90, 0x87, 0x02, 0x02, 0x60, 0x00, 0x00, 
    0x00, 0x00, 0x00, 0x00, 0x00, 0x80, 0x21, 0xCF, 0x05, 0x04, 0xC0, 0x00, 0x00, 0x00, 0x00, 0x00, 
    0x00, 0x00, 0x00, 0x43, 0x1E, 0x0D, 0x08, 0x80, 0x01, 0x00, 0x00, 0x00, 0x00, 0x00, 0x00, 0x00, 
    0xB2, 0x40, 0x00, 0x00, 0x14, 0x00, 0x00, 0x00, 0x32, 0x1E, 0x98, 0x18, 0x19, 0x11, 0x4C, 0x90, 
    0x8C, 0x09, 0x26, 0x47, 0xC6, 0x04, 0x43, 0x22, 0x4A, 0x60, 0x04, 0xA0, 0x18, 0x8A, 0xA0, 0x24, 
    0xCA, 0xA0, 0x14, 0x0A, 0x34, 0xA0, 0x10, 0xCA, 0xA1, 0x34, 0x0A, 0x30, 0xA0, 0x10, 0x03, 0xCA, 
    0xA3, 0xC0, 0xA8, 0x28, 0x89, 0x32, 0x28, 0x84, 0x11, 0x80, 0x22, 0x28, 0x10, 0xCA, 0x6A, 0x80, 
    0xC0, 0x19, 0x00, 0x1A, 0x67, 0x00, 0x88, 0x9C, 0x01, 0x20, 0x73, 0x06, 0x80, 0xCE, 0xB1, 0x10, 
    0x83, 0x00, 0x00, 0x00, 0x78, 0x1E, 0x00, 0x00, 0x79, 0x18, 0x00, 0x00, 0xB9, 0x00, 0x00, 0x00, 
    0x1A, 0x03, 0x4C, 0x90, 0x46, 0x02, 0x13, 0xC4, 0x8E, 0x0C, 0x6F, 0xEC, 0xED, 0x4D, 0x0C, 0x24, 
    0xC6, 0x05, 0xC7, 0x45, 0x86, 0x06, 0xE6, 0xC6, 0xE5, 0x06, 0x04, 0x85, 0x26, 0xC6, 0xC6, 0x2C, 
    0x4C, 0xCC, 0x46, 0xAC, 0x26, 0x65, 0x43, 0x10, 0x4C, 0x10, 0x88, 0x64, 0x82, 0x40, 0x28, 0x1B, 
    0x84, 0x81, 0xD8, 0x20, 0x10, 0x04, 0x05, 0xB8, 0xB9, 0x09, 0x02, 0xB1, 0x6C, 0x18, 0x0E, 0x84, 
    0x98, 0x20, 0x80, 0xC1, 0x47, 0xE5, 0xEC, 0x8B, 0xAA, 0x0C, 0x8F, 0xAE, 0x4E, 0xAE, 0x2C, 0x6B, 
    0x82, 0x40, 0x30, 0x13, 0x04, 0xA2, 0xD9, 0x20, 0x10, 0xCD, 0x86, 0x84, 0x50, 0x16, 0x82, 0x18, 
    0x18, 0xC2, 0xE1, 0x72, 0xF6, 0x45, 0x55, 0x86, 0x47, 0x57, 0x27, 0x57, 0x36, 0x24, 0xB7, 0x21, 
    0x19, 0x14, 0x88, 0x18, 0x06, 0x86, 0x70, 0xB8, 0x9C, 0x7D, 0x51, 0x95, 0xE1, 0xD1, 0xD5, 0xC9, 
    0x95, 0x0D, 0x89, 0x6D, 0x48, 0x18, 0x45, 0x22, 0x98, 0x81, 0x21, 0x9C, 0x09, 0x02, 0xE1, 0x50, 
    0x39, 0xFB, 0xA2, 0x2A, 0xC3, 0xA3, 0xAB, 0x93, 0x2B, 0x0B, 0xDA, 0x90, 0x50, 0x4A, 0x45, 0x50, 
    0x03, 0x43, 0x38, 0x1B, 0x88, 0x27, 0x9A, 0xAC, 0x09, 0x02, 0x19, 0x84, 0x01, 0x1B, 0xA1, 0x34, 
    0xB7, 0xB5, 0xA1, 0x37, 0xB7, 0x39, 0xBA, 0x30, 0x37, 0xBA, 0xB9, 0x09, 0x02, 0xF1, 0x4C, 0x10, 
    0x08, 0x68, 0x03, 0x42, 0x60, 0x19, 0xA1, 0x0D, 0x1B, 0xB0, 0x21, 0xE0, 0x26, 0x08, 0x66, 0x20, 
    0x06, 0x4C, 0xCE, 0xBE, 0xA6, 0xC2, 0xDA, 0xE0, 0xD8, 0xCA, 0xE4, 0x26, 0x08, 0x44, 0xB4, 0x01, 
    0x21, 0xBC, 0x8F, 0x00, 0x83, 0x81, 0x00, 0x36, 0x04, 0x61, 0xB0, 0x81, 0xB8, 0x80, 0x4E, 0x0C, 
    0x26, 0x08, 0x63, 0x00, 0x06, 0x54, 0xCE, 0xBE, 0xB2, 0xEA, 0xEC, 0xA8, 0xDE, 0xA4, 0xCE, 0xC4, 
    0x26, 0x08, 0x84, 0x34, 0x41, 0xC8, 0xBC, 0x09, 0x02, 0x31, 0x6D, 0x50, 0x90, 0x32, 0xA0, 0x08, 
    0x33, 0x68, 0x9A, 0x33, 0x40, 0x03, 0x30, 0xA0, 0x72, 0xF6, 0x85, 0x14, 0x36, 0x17, 0xC4, 0x06, 
    0x87, 0x16, 0x36, 0x41, 0x20, 0xA8, 0x0D, 0x08, 0xA2, 0x06, 0xD4, 0x1A, 0x98, 0x81, 0xD6, 0x9C, 
    0x01, 0x93, 0xB3, 0x2F, 0xA8, 0x30, 0x32, 0xB2, 0x34, 0xB7, 0xB3, 0x09, 0x02, 0x51, 0x6D, 0x40, 
    0x90, 0x36, 0xA0, 0xDC, 0xC0, 0x0C, 0x34, 0x34, 0xA0, 0x36, 0x10, 0x5B, 0x1A, 0xB0, 0xC1, 0x1B, 
    0x6C, 0x18, 0x08, 0x32, 0x80, 0x83, 0x09, 0x82, 0x00, 0x6C, 0x00, 0x36, 0x0C, 0xC4, 0x1C, 0xCC, 
    0xC1, 0x86, 0x80, 0x0E, 0x36, 0x0C, 0x83, 0x1C, 0xD4, 0xC1, 0x04, 0xE1, 0x0C, 0xC6, 0x60, 0x43, 
    0x70, 0x07, 0x34, 0xA0, 0xA6, 0x9A, 0xC2, 0xD2, 0xDC, 0xB8, 0x4C, 0x59, 0x7D, 0x41, 0xBD, 0xCD, 
    0xA5, 0xD1, 0xA5, 0xBD, 0xB9, 0x4D, 0x10, 0x0A, 0x6C, 0x82, 0x50, 0x64, 0x1B, 0x02, 0x62, 0x82, 
    0x50, 0x68, 0x13, 0x84, 0x62, 0xDB, 0xB0, 0x10, 0x7A, 0xB0, 0x07, 0x7C, 0xD0, 0x07, 0x7E, 0x30, 
    0xF8, 0x01, 0xF1, 0x07, 0x00, 0x11, 0xAA, 0x22, 0xAC, 0xA1, 0xA7, 0x27, 0x29, 0xA2, 0x09, 0x42, 
    0xC1, 0x6D, 0x10, 0x28, 0x6A, 0xC3, 0x32, 0x84, 0xC2, 0x1E, 0xFC, 0x41, 0x1F, 0x88, 0xC2, 0x20, 
    0x0A, 0xC3, 0x1F, 0x8C, 0xC2, 0x06, 0x01, 0x14, 0x48, 0x81, 0xC9, 0x94, 0xD5, 0x17, 0x55, 0x98, 
    0xDC, 0x59, 0x19, 0xDD, 0x04, 0xA1, 0xE8, 0x26, 0x08, 0x84, 0xB5, 0x41, 0xA0, 0x50, 0x61, 0xC3, 
    0x42, 0x98, 0xC2, 0x1E, 0x9C, 0x42, 0x1F, 0xFC, 0xC1, 0xE0, 0x07, 0xC4, 0x1F, 0xA4, 0xC2, 0x86, 
    0x40, 0x15, 0x36, 0x0C, 0xA5, 0xB0, 0x0A, 0xC0, 0x86, 0x42, 0x0E, 0xF2, 0x80, 0x15, 0xC6, 0x00, 
    0x20, 0x22, 0x26, 0x17, 0xE6, 0x36, 0x86, 0x56, 0x36, 0x47, 0xC3, 0x8C, 0xED, 0x2D, 0x8C, 0x6E, 
    0x8E, 0x45, 0x9A, 0xDB, 0x1C, 0xDD, 0xDC, 0x04, 0x81, 0xB8, 0x48, 0xA4, 0xB9, 0xD1, 0xCD, 0xD1, 
    0x98, 0x4B, 0x3B, 0xFB, 0x62, 0x23, 0xA3, 0x31, 0x97, 0x76, 0xF6, 0x35, 0x47, 0x47, 0x84, 0xAE, 
    0x0C, 0xEF, 0xCB, 0xED, 0x4D, 0xAE, 0x6D, 0x83, 0xE3, 0x0A, 0xC3, 0x2B, 0x20, 0xB0, 0x10, 0x0B, 
    0xB2, 0x30, 0xCC, 0x02, 0x43, 0x0B, 0x60, 0x50, 0x0B, 0x60, 0x50, 0x85, 0x8D, 0xCD, 0xAE, 0xCD, 
    0x25, 0x8D, 0xAC, 0xCC, 0x8D, 0x6E, 0x4A, 0x10, 0x54, 0x21, 0xC3, 0x73, 0xB1, 0x2B, 0x93, 0x9B, 
    0x4B, 0x7B, 0x73, 0x9B, 0x12, 0x10, 0x4D, 0xC8, 0xF0, 0x5C, 0xEC, 0xC2, 0xD8, 0xEC, 0xCA, 0xE4, 
    0xA6, 0x04, 0x45, 0x1D, 0x32, 0x3C, 0x97, 0x39, 0xB4, 0x30, 0xB2, 0x32, 0xB9, 0xA6, 0x37, 0xB2, 
    0x32, 0xB6, 0x29, 0x01, 0x52, 0x86, 0x0C, 0xCF, 0x45, 0xAE, 0x6C, 0xEE, 0xAD, 0x4E, 0x6E, 0xAC, 
    0x6C, 0x6E, 0x4A, 0x20, 0x06, 0x95, 0xC8, 0xF0, 0x5C, 0xE8, 0xF2, 0xE0, 0xCA, 0x82, 0xDC, 0xDC, 
    0xDE, 0xE8, 0xC2, 0xE8, 0xD2, 0xDE, 0xDC, 0xE6, 0xA6, 0x08, 0x70, 0x50, 0x07, 0x75, 0xC8, 0xF0, 
    0x5C, 0xEC, 0xD2, 0xCA, 0xEE, 0x92, 0xC8, 0xA6, 0xE8, 0xC2, 0xE8, 0xCA, 0xA6, 0x04, 0x77, 0x50, 
    0x87, 0x0C, 0xCF, 0xA5, 0xCC, 0x8D, 0x4E, 0x2E, 0x0F, 0xEA, 0x2D, 0xCD, 0x8D, 0x6E, 0x6E, 0x4A, 
    0xC0, 0x0A, 0x5D, 0xC8, 0xF0, 0x5C, 0xC6, 0xDE, 0xEA, 0xDC, 0xE8, 0xCA, 0xE4, 0xE6, 0xA6, 0x04, 
    0xB5, 0x00, 0x00, 0x00, 0x79, 0x18, 0x00, 0x00, 0x51, 0x00, 0x00, 0x00, 0x33, 0x08, 0x80, 0x1C, 
    0xC4, 0xE1, 0x1C, 0x66, 0x14, 0x01, 0x3D, 0x88, 0x43, 0x38, 0x84, 0xC3, 0x8C, 0x42, 0x80, 0x07, 
    0x79, 0x78, 0x07, 0x73, 0x98, 0x71, 0x0C, 0xE6, 0x00, 0x0F, 0xED, 0x10, 0x0E, 0xF4, 0x80, 0x0E, 
    0x33, 0x0C, 0x42, 0x1E, 0xC2, 0xC1, 0x1D, 0xCE, 0xA1, 0x1C, 0x66, 0x30, 0x05, 0x3D, 0x88, 0x43, 
    0x38, 0x84, 0x83, 0x1B, 0xCC, 0x03, 0x3D, 0xC8, 0x43, 0x3D, 0x8C, 0x03, 0x3D, 0xCC, 0x78, 0x8C, 
    0x74, 0x70, 0x07, 0x7B, 0x08, 0x07, 0x79, 0x48, 0x87, 0x70, 0x70, 0x07, 0x7A, 0x70, 0x03, 0x76, 
    0x78, 0x87, 0x70, 0x20, 0x87, 0x19, 0xCC, 0x11, 0x0E, 0xEC, 0x90, 0x0E, 0xE1, 0x30, 0x0F, 0x6E, 
    0x30, 0x0F, 0xE3, 0xF0, 0x0E, 0xF0, 0x50, 0x0E, 0x33, 0x10, 0xC4, 0x1D, 0xDE, 0x21, 0x1C, 0xD8, 
    0x21, 0x1D, 0xC2, 0x61, 0x1E, 0x66, 0x30, 0x89, 0x3B, 0xBC, 0x83, 0x3B, 0xD0, 0x43, 0x39, 0xB4, 
    0x03, 0x3C, 0xBC, 0x83, 0x3C, 0x84, 0x03, 0x3B, 0xCC, 0xF0, 0x14, 0x76, 0x60, 0x07, 0x7B, 0x68, 
    0x07, 0x37, 0x68, 0x87, 0x72, 0x68, 0x07, 0x37, 0x80, 0x87, 0x70, 0x90, 0x87, 0x70, 0x60, 0x07, 
    0x76, 0x28, 0x07, 0x76, 0xF8, 0x05, 0x76, 0x78, 0x87, 0x77, 0x80, 0x87, 0x5F, 0x08, 0x87, 0x71, 
    0x18, 0x87, 0x72, 0x98, 0x87, 0x79, 0x98, 0x81, 0x2C, 0xEE, 0xF0, 0x0E, 0xEE, 0xE0, 0x0E, 0xF5, 
    0xC0, 0x0E, 0xEC, 0x30, 0x03, 0x62, 0xC8, 0xA1, 0x1C, 0xE4, 0xA1, 0x1C, 0xCC, 0xA1, 0x1C, 0xE4, 
    0xA1, 0x1C, 0xDC, 0x61, 0x1C, 0xCA, 0x21, 0x1C, 0xC4, 0x81, 0x1D, 0xCA, 0x61, 0x06, 0xD6, 0x90, 
    0x43, 0x39, 0xC8, 0x43, 0x39, 0x98, 0x43, 0x39, 0xC8, 0x43, 0x39, 0xB8, 0xC3, 0x38, 0x94, 0x43, 
    0x38, 0x88, 0x03, 0x3B, 0x94, 0xC3, 0x2F, 0xBC, 0x83, 0x3C, 0xFC, 0x82, 0x3B, 0xD4, 0x03, 0x3B, 
    0xB0, 0xC3, 0x0C, 0xC4, 0x21, 0x07, 0x7C, 0x70, 0x03, 0x7A, 0x28, 0x87, 0x76, 0x80, 0x87, 0x19, 
    0xD1, 0x43, 0x0E, 0xF8, 0xE0, 0x06, 0xE4, 0x20, 0x0E, 0xE7, 0xE0, 0x06, 0xF6, 0x10, 0x0E, 0xF2, 
    0xC0, 0x0E, 0xE1, 0x90, 0x0F, 0xEF, 0x50, 0x0F, 0xF4, 0x30, 0x83, 0x81, 0xC8, 0x01, 0x1F, 0xDC, 
    0x40, 0x1C, 0xE4, 0xA1, 0x1C, 0xC2, 0x61, 0x1D, 0xDC, 0x40, 0x1C, 0xE4, 0x01, 0x00, 0x00, 0x00, 
    0x71, 0x20, 0x00, 0x00, 0x24, 0x00, 0x00, 0x00, 0x06, 0x60, 0xA4, 0xAC, 0x09, 0x20, 0x8D, 0x19, 
    0x6C, 0xC3, 0xE5, 0x3B, 0x8F, 0x2F, 0x04, 0x54, 0x51, 0x10, 0x51, 0xE9, 0x00, 0x43, 0x49, 0x18, 
    0x80, 0x80, 0xF9, 0xC5, 0x6D, 0xDB, 0xC1, 0x36, 0x5C, 0xBE, 0xF3, 0xF8, 0x42, 0x40, 0x15, 0x05, 
    0x11, 0x95, 0x0E, 0x30, 0x94, 0x84, 0x01, 0x08, 0x98, 0x8F, 0xDC, 0xB6, 0x21, 0x48, 0xC3, 0xE5, 
    0x3B, 0x8F, 0x2F, 0x44, 0x04, 0x30, 0x11, 0x21, 0xD0, 0x0C, 0x0B, 0x61, 0x04, 0xCE, 0x70, 0xF9, 
    0xCE, 0xE3, 0x0F, 0xCE, 0x84, 0xFB, 0xC5, 0x6D, 0x5B, 0xC0, 0x34, 0x5C, 0xBE, 0xF3, 0xF8, 0x8B, 
    0x03, 0x0C, 0x62, 0xF3, 0x50, 0x93, 0x5F, 0xDC, 0xB6, 0x0D, 0x40, 0xC3, 0xE5, 0x3B, 0x8F, 0x2F, 
    0x01, 0xCC, 0xB3, 0x10, 0x7E, 0x71, 0xDB, 0x26, 0x50, 0x0D, 0x97, 0xEF, 0x3C, 0xBE, 0x34, 0x39, 
    0x11, 0x81, 0x52, 0xD3, 0x43, 0x4D, 0x7E, 0x71, 0xDB, 0x56, 0xF0, 0x0C, 0x97, 0xEF, 0x3C, 0x3E, 
    0xD5, 0x00, 0x11, 0xE6, 0x17, 0xB7, 0x0D, 0x00, 0x00, 0x00, 0x00, 0x00, 0x48, 0x41, 0x53, 0x48, 
    0x14, 0x00, 0x00, 0x00, 0x00, 0x00, 0x00, 0x00, 0x4B, 0xD7, 0xC9, 0x97, 0x6D, 0xC3, 0x9C, 0xA3, 
    0xD0, 0xD9, 0x0C, 0xF1, 0xB1, 0xB8, 0xB9, 0xFF, 0x44, 0x58, 0x49, 0x4C, 0x1C, 0x09, 0x00, 0x00, 
    0x60, 0x00, 0x00, 0x00, 0x47, 0x02, 0x00, 0x00, 0x44, 0x58, 0x49, 0x4C, 0x00, 0x01, 0x00, 0x00, 
    0x10, 0x00, 0x00, 0x00, 0x04, 0x09, 0x00, 0x00, 0x42, 0x43, 0xC0, 0xDE, 0x21, 0x0C, 0x00, 0x00, 
    0x3E, 0x02, 0x00, 0x00, 0x0B, 0x82, 0x20, 0x00, 0x02, 0x00, 0x00, 0x00, 0x13, 0x00, 0x00, 0x00, 
    0x07, 0x81, 0x23, 0x91, 0x41, 0xC8, 0x04, 0x49, 0x06, 0x10, 0x32, 0x39, 0x92, 0x01, 0x84, 0x0C, 
    0x25, 0x05, 0x08, 0x19, 0x1E, 0x04, 0x8B, 0x62, 0x80, 0x18, 0x45, 0x02, 0x42, 0x92, 0x0B, 0x42, 
    0xC4, 0x10, 0x32, 0x14, 0x38, 0x08, 0x18, 0x4B, 0x0A, 0x32, 0x62, 0x88, 0x48, 0x90, 0x14, 0x20, 
    0x43, 0x46, 0x88, 0xA5, 0x00, 0x19, 0x32, 0x42, 0xE4, 0x48, 0x0E, 0x90, 0x11, 0x23, 0xC4, 0x50, 
    0x41, 0x51, 0x81, 0x8C, 0xE1, 0x83, 0xE5, 0x8A, 0x04, 0x31, 0x46, 0x06, 0x51, 0x18, 0x00, 0x00, 
    0x08, 0x00, 0x00, 0x00, 0x1B, 0x8C, 0xE0, 0xFF, 0xFF, 0xFF, 0xFF, 0x07, 0x40, 0x02, 0xA8, 0x0D, 
    0x84, 0xF0, 0xFF, 0xFF, 0xFF, 0xFF, 0x03, 0x20, 0x6D, 0x30, 0x86, 0xFF, 0xFF, 0xFF, 0xFF, 0x1F, 
    0x00, 0x09, 0xA8, 0x00, 0x49, 0x18, 0x00, 0x00, 0x03, 0x00, 0x00, 0x00, 0x13, 0x82, 0x60, 0x42, 
    0x20, 0x4C, 0x08, 0x06, 0x00, 0x00, 0x00, 0x00, 0x89, 0x20, 0x00, 0x00, 0x5C, 0x00, 0x00, 0x00, 
    0x32, 0x22, 0x88, 0x09, 0x20, 0x64, 0x85, 0x04, 0x13, 0x23, 0xA4, 0x84, 0x04, 0x13, 0x23, 0xE3, 
    0x84, 0xA1, 0x90, 0x14, 0x12, 0x4C, 0x8C, 0x8C, 0x0B, 0x84, 0xC4, 0x4C, 0x10, 0xA4, 0xC1, 0x08, 
    0x40, 0x09, 0x00, 0x0A, 0x66, 0x00, 0xE6, 0x08, 0xC0, 0x60, 0x8E, 0x00, 0x29, 0xC6, 0x40, 0x10, 
    0x44, 0x41, 0x90, 0x51, 0x0C, 0x80, 0x20, 0x88, 0x62, 0x20, 0xE4, 0xA6, 0xE1, 0xF2, 0x27, 0xEC, 
    0x21, 0x24, 0x7F, 0x25, 0xA4, 0x95, 0x98, 0xFC, 0xE2, 0xB6, 0x51, 0x31, 0x0C, 0xC3, 0x40, 0x50, 
    0x71, 0xCF, 0x70, 0xF9, 0x13, 0xF6, 0x10, 0x92, 0x1F, 0x02, 0xCD, 0xB0, 0x10, 0x28, 0x58, 0x0A, 
    0xA3, 0x10, 0x0C, 0x33, 0x0C, 0xC3, 0x40, 0x10, 0xC4, 0x40, 0x4D, 0x51, 0x06, 0x62, 0x18, 0x86, 
    0x61, 0x18, 0x86, 0x81, 0x9E, 0x32, 0x0C, 0xC4, 0x40, 0xD1, 0x51, 0xC3, 0xE5, 0x4F, 0xD8, 0x43, 
    0x48, 0x3E, 0xB7, 0x51, 0xC5, 0x4A, 0x4C, 0x7E, 0x71, 0xDB, 0x88, 0x18, 0x86, 0x61, 0x28, 0xC4, 
    0x44, 0x30, 0x04, 0x51, 0x47, 0x0D, 0x97, 0x3F, 0x61, 0x0F, 0x21, 0xF9, 0xDC, 0x46, 0x15, 0x2B, 
    0x31, 0xF9, 0xC8, 0x6D, 0x23, 0x82, 0x20, 0x08, 0xA2, 0x10, 0x16, 0xC1, 0x10, 0x74, 0xCD, 0x11, 
    0x04, 0xC5, 0x60, 0x88, 0x82, 0x20, 0x32, 0xD2, 0x06, 0x02, 0x86, 0x11, 0x88, 0x61, 0xA6, 0x36, 
    0x18, 0x07, 0x76, 0x08, 0x87, 0x79, 0x98, 0x07, 0x37, 0xA0, 0x85, 0x72, 0xC0, 0x07, 0x7A, 0xA8, 
    0x07, 0x79, 0x28, 0x07, 0x39, 0x20, 0x05, 0x3E, 0xB0, 0x87, 0x72, 0x18, 0x07, 0x7A, 0x78, 0x07, 
    0x79, 0xE0, 0x03, 0x73, 0x60, 0x87, 0x77, 0x08, 0x07, 0x7A, 0x60, 0x03, 0x30, 0xA0, 0x03, 0x3F, 
    0x00, 0x03, 0x3F, 0xD0, 0x03, 0x3D, 0x68, 0x87, 0x74, 0x80, 0x87, 0x79, 0xF8, 0x05, 0x7A, 0xC8, 
    0x07, 0x78, 0x28, 0x07, 0x14, 0x10, 0x33, 0x89, 0xC1, 0x38, 0xB0, 0x43, 0x38, 0xCC, 0xC3, 0x3C, 
    0xB8, 0x01, 0x2D, 0x94, 0x03, 0x3E, 0xD0, 0x43, 0x3D, 0xC8, 0x43, 0x39, 0xC8, 0x01, 0x29, 0xF0, 
    0x81, 0x3D, 0x94, 0xC3, 0x38, 0xD0, 0xC3, 0x3B, 0xC8, 0x03, 0x1F, 0x98, 0x03, 0x3B, 0xBC, 0x43, 
    0x38, 0xD0, 0x03, 0x1B, 0x80, 0x01, 0x1D, 0xF8, 0x01, 0x18, 0xF8, 0x01, 0x12, 0x3A, 0x8F, 0xBE, 
    0x24, 0xE8, 0x86, 0x11, 0x06, 0xE2, 0x9A, 0x0D, 0x69, 0x14, 0xCE, 0x69, 0xA4, 0x09, 0x68, 0x26, 
    0x09, 0x0D, 0x21, 0x21, 0xD2, 0x78, 0x93, 0x34, 0x45, 0x94, 0x30, 0xF9, 0x2C, 0xC0, 0x3C, 0x0B, 
    0x11, 0xB1, 0x13, 0x30, 0x11, 0x28, 0x20, 0xA8, 0x4C, 0x04, 0x62, 0x0A, 0x00, 0x00, 0x00, 0x00, 
    0x13, 0x14, 0x72, 0xC0, 0x87, 0x74, 0x60, 0x87, 0x36, 0x68, 0x87, 0x79, 0x68, 0x03, 0x72, 0xC0, 
    0x87, 0x0D, 0xAF, 0x50, 0x0E, 0x6D, 0xD0, 0x0E, 0x7A, 0x50, 0x0E, 0x6D, 0x00, 0x0F, 0x7A, 0x30, 
    0x07, 0x72, 0xA0, 0x07, 0x73, 0x20, 0x07, 0x6D, 0x90, 0x0E, 0x71, 0xA0, 0x07, 0x73, 0x20, 0x07, 
    0x6D, 0x90, 0x0E, 0x78, 0xA0, 0x07, 0x73, 0x20, 0x07, 0x6D, 0x90, 0x0E, 0x71, 0x60, 0x07, 0x7A, 
    0x30, 0x07, 0x72, 0xD0, 0x06, 0xE9, 0x30, 0x07, 0x72, 0xA0, 0x07, 0x73, 0x20, 0x07, 0x6D, 0x90, 
    0x0E, 0x76, 0x40, 0x07, 0x7A, 0x60, 0x07, 0x74, 0xD0, 0x06, 0xE6, 0x10, 0x07, 0x76, 0xA0, 0x07, 
    0x73, 0x20, 0x07, 0x6D, 0x60, 0x0E, 0x73, 0x20, 0x07, 0x7A, 0x30, 0x07, 0x72, 0xD0, 0x06, 0xE6, 
    0x60, 0x07, 0x74, 0xA0, 0x07, 0x76, 0x40, 0x07, 0x6D, 0xE0, 0x0E, 0x78, 0xA0, 0x07, 0x71, 0x60, 
    0x07, 0x7A, 0x30, 0x07, 0x72, 0xA0, 0x07, 0x76, 0x40, 0x07, 0x43, 0x9E, 0x00, 0x00, 0x00, 0x00, 
    0x00, 0x00, 0x00, 0x00, 0x00, 0x00, 0x00, 0x86, 0x3C, 0x06, 0x10, 0x00, 0x01, 0x00, 0x00, 0x00, 
    0x00, 0x00, 0x00, 0x00, 0x0C, 0x79, 0x10, 0x20, 0x00, 0x04, 0x00, 0x00, 0x00, 0x00, 0x00, 0x00, 
    0x00, 0x18, 0xF2, 0x34, 0x40, 0x00, 0x0C, 0x00, 0x00, 0x00, 0x00, 0x00, 0x00, 0x00, 0x30, 0xE4, 
    0x79, 0x80, 0x00, 0x08, 0x00, 0x00, 0x00, 0x00, 0x00, 0x00, 0x00, 0x60, 0xC8, 0x13, 0x01, 0x01, 
    0x10, 0x00, 0x00, 0x00, 0x00, 0x00, 0x00, 0x00, 0xC0, 0x90, 0x87, 0x02, 0x02, 0x60, 0x00, 0x00, 
    0x00, 0x00, 0x00, 0x00, 0x00, 0x80, 0x21, 0xCF, 0x05, 0x04, 0xC0, 0x00, 0x00, 0x00, 0x00, 0x00, 
    0x00, 0x00, 0x00, 0x43, 0x1E, 0x0D, 0x08, 0x80, 0x01, 0x00, 0x00, 0x00, 0x00, 0x00, 0x00, 0x00, 
    0xB2, 0x40, 0x00, 0x00, 0x11, 0x00, 0x00, 0x00, 0x32, 0x1E, 0x98, 0x14, 0x19, 0x11, 0x4C, 0x90, 
    0x8C, 0x09, 0x26, 0x47, 0xC6, 0x04, 0x43, 0x22, 0x4A, 0x60, 0x04, 0xA0, 0x20, 0x8A, 0xA1, 0x08, 
    0x4A, 0xA2, 0x0C, 0x4A, 0xA1, 0x40, 0x03, 0x0A, 0xA1, 0x3C, 0xA8, 0x28, 0x89, 0x32, 0x28, 0x84, 
    0x11, 0x80, 0x22, 0x28, 0x10, 0x02, 0x67, 0x00, 0x88, 0x9C, 0x01, 0x20, 0x73, 0x06, 0x80, 0xCE, 
    0xB1, 0x10, 0x83, 0x00, 0x00, 0x00, 0x78, 0x1E, 0x00, 0x00, 0x00, 0x00, 0x79, 0x18, 0x00, 0x00, 
    0x6D, 0x00, 0x00, 0x00, 0x1A, 0x03, 0x4C, 0x90, 0x46, 0x02, 0x13, 0xC4, 0x8E, 0x0C, 0x6F, 0xEC, 
    0xED, 0x4D, 0x0C, 0x24, 0xC6, 0x05, 0xC7, 0x45, 0x86, 0x06, 0xE6, 0xC6, 0xE5, 0x06, 0x04, 0x85, 
    0x26, 0xC6, 0xC6, 0x2C, 0x4C, 0xCC, 0x46, 0xAC, 0x26, 0x65, 0x43, 0x10, 0x4C, 0x10, 0x88, 0x64, 
    0x82, 0x40, 0x28, 0x1B, 0x84, 0x81, 0x98, 0x20, 0x10, 0xCB, 0x06, 0x61, 0x30, 0x28, 0xC0, 0xCD, 
    0x4D, 0x10, 0x08, 0x66, 0xC3, 0x80, 0x24, 0xC4, 0x04, 0x01, 0x0C, 0x34, 0x02, 0x13, 0x04, 0xA2, 
    0x99, 0x20, 0x10, 0xCE, 0x06, 0x81, 0x70, 0x36, 0x24, 0xC4, 0xC2, 0x10, 0xC4, 0xD0, 0x10, 0xCF, 
    0x86, 0x64, 0x58, 0x18, 0x62, 0x18, 0x1A, 0xE2, 0xD9, 0x90, 0x34, 0x0B, 0x43, 0x34, 0x43, 0x43, 
    0x3C, 0x13, 0x04, 0xE2, 0xD9, 0x90, 0x4C, 0x0B, 0x43, 0x4C, 0x43, 0x43, 0x3C, 0x1B, 0x08, 0x28, 
    0x92, 0xA8, 0x09, 0x02, 0x19, 0x6C, 0x13, 0x04, 0x02, 0x9A, 0x20, 0x10, 0xD1, 0x06, 0x84, 0xB0, 
    0x18, 0xE2, 0x1A, 0x30, 0x60, 0x43, 0x90, 0x4D, 0x10, 0xCC, 0x80, 0x9B, 0x20, 0x10, 0xD2, 0x06, 
    0x84, 0xD8, 0x18, 0x82, 0x1B, 0x08, 0x60, 0x43, 0xD0, 0x6D, 0x20, 0x2A, 0x40, 0xF3, 0x26, 0x08, 
    0x67, 0xD0, 0x6D, 0x08, 0xC0, 0x60, 0x82, 0x20, 0x00, 0x34, 0xA0, 0xA6, 0x9A, 0xC2, 0xD2, 0xDC, 
    0xB8, 0x4C, 0x59, 0x7D, 0x41, 0xBD, 0xCD, 0xA5, 0xD1, 0xA5, 0xBD, 0xB9, 0x4D, 0x10, 0x0A, 0x6A, 
    0x82, 0x50, 0x54, 0x1B, 0x02, 0x62, 0x82, 0x50, 0x58, 0x13, 0x84, 0xE2, 0xDA, 0xB0, 0x10, 0x64, 
    0x50, 0x06, 0x66, 0x70, 0x06, 0x68, 0x30, 0xA0, 0x01, 0x91, 0x06, 0x00, 0x11, 0xAA, 0x22, 0xAC, 
    0xA1, 0xA7, 0x27, 0x29, 0xA2, 0x09, 0x42, 0x81, 0x6D, 0x10, 0xA6, 0x69, 0xC3, 0x32, 0xAC, 0x41, 
    0x19, 0xA4, 0xC1, 0x19, 0xB0, 0xC1, 0xC0, 0x06, 0x43, 0x1A, 0xB4, 0xC1, 0x06, 0x41, 0x0D, 0xDC, 
    0x80, 0xC9, 0x94, 0xD5, 0x17, 0x55, 0x98, 0xDC, 0x59, 0x19, 0xDD, 0x04, 0xA1, 0xC8, 0x26, 0x08, 
    0xC4, 0xB4, 0x41, 0x98, 0xE4, 0x60, 0xC3, 0x42, 0xC0, 0x41, 0x19, 0xC4, 0xC1, 0x19, 0xA4, 0xC1, 
    0x80, 0x06, 0x44, 0x1A, 0xCC, 0xC1, 0x86, 0x80, 0x0E, 0x36, 0x0C, 0x6F, 0x50, 0x07, 0xC0, 0x86, 
    0x42, 0x0C, 0xC6, 0xC0, 0x0E, 0x3E, 0xA0, 0x0A, 0x1B, 0x9B, 0x5D, 0x9B, 0x4B, 0x1A, 0x59, 0x99, 
    0x1B, 0xDD, 0x94, 0x20, 0xA8, 0x42, 0x86, 0xE7, 0x62, 0x57, 0x26, 0x37, 0x97, 0xF6, 0xE6, 0x36, 
    0x25, 0x20, 0x9A, 0x90, 0xE1, 0xB9, 0xD8, 0x85, 0xB1, 0xD9, 0x95, 0xC9, 0x4D, 0x09, 0x8C, 0x3A, 
    0x64, 0x78, 0x2E, 0x73, 0x68, 0x61, 0x64, 0x65, 0x72, 0x4D, 0x6F, 0x64, 0x65, 0x6C, 0x53, 0x82, 
    0xA4, 0x0C, 0x19, 0x9E, 0x8B, 0x5C, 0xD9, 0xDC, 0x5B, 0x9D, 0xDC, 0x58, 0xD9, 0xDC, 0x94, 0xC0, 
    0xAB, 0x43, 0x86, 0xE7, 0x62, 0x97, 0x56, 0x76, 0x97, 0x44, 0x36, 0x45, 0x17, 0x46, 0x57, 0x36, 
    0x25, 0x00, 0x83, 0x3A, 0x64, 0x78, 0x2E, 0x65, 0x6E, 0x74, 0x72, 0x79, 0x50, 0x6F, 0x69, 0x6E, 
    0x74, 0x73, 0x53, 0x02, 0x3B, 0x00, 0x00, 0x00, 0x79, 0x18, 0x00, 0x00, 0x51, 0x00, 0x00, 0x00, 
    0x33, 0x08, 0x80, 0x1C, 0xC4, 0xE1, 0x1C, 0x66, 0x14, 0x01, 0x3D, 0x88, 0x43, 0x38, 0x84, 0xC3, 
    0x8C, 0x42, 0x80, 0x07, 0x79, 0x78, 0x07, 0x73, 0x98, 0x71, 0x0C, 0xE6, 0x00, 0x0F, 0xED, 0x10, 
    0x0E, 0xF4, 0x80, 0x0E, 0x33, 0x0C, 0x42, 0x1E, 0xC2, 0xC1, 0x1D, 0xCE, 0xA1, 0x1C, 0x66, 0x30, 
    0x05, 0x3D, 0x88, 0x43, 0x38, 0x84, 0x83, 0x1B, 0xCC, 0x03, 0x3D, 0xC8, 0x43, 0x3D, 0x8C, 0x03, 
    0x3D, 0xCC, 0x78, 0x8C, 0x74, 0x70, 0x07, 0x7B, 0x08, 0x07, 0x79, 0x48, 0x87, 0x70, 0x70, 0x07, 
    0x7A, 0x70, 0x03, 0x76, 0x78, 0x87, 0x70, 0x20, 0x87, 0x19, 0xCC, 0x11, 0x0E, 0xEC, 0x90, 0x0E, 
    0xE1, 0x30, 0x0F, 0x6E, 0x30, 0x0F, 0xE3, 0xF0, 0x0E, 0xF0, 0x50, 0x0E, 0x33, 0x10, 0xC4, 0x1D, 
    0xDE, 0x21, 0x1C, 0xD8, 0x21, 0x1D, 0xC2, 0x61, 0x1E, 0x66, 0x30, 0x89, 0x3B, 0xBC, 0x83, 0x3B, 
    0xD0, 0x43, 0x39, 0xB4, 0x03, 0x3C, 0xBC, 0x83, 0x3C, 0x84, 0x03, 0x3B, 0xCC, 0xF0, 0x14, 0x76, 
    0x60, 0x07, 0x7B, 0x68, 0x07, 0x37, 0x68, 0x87, 0x72, 0x68, 0x07, 0x37, 0x80, 0x87, 0x70, 0x90, 
    0x87, 0x70, 0x60, 0x07, 0x76, 0x28, 0x07, 0x76, 0xF8, 0x05, 0x76, 0x78, 0x87, 0x77, 0x80, 0x87, 
    0x5F, 0x08, 0x87, 0x71, 0x18, 0x87, 0x72, 0x98, 0x87, 0x79, 0x98, 0x81, 0x2C, 0xEE, 0xF0, 0x0E, 
    0xEE, 0xE0, 0x0E, 0xF5, 0xC0, 0x0E, 0xEC, 0x30, 0x03, 0x62, 0xC8, 0xA1, 0x1C, 0xE4, 0xA1, 0x1C, 
    0xCC, 0xA1, 0x1C, 0xE4, 0xA1, 0x1C, 0xDC, 0x61, 0x1C, 0xCA, 0x21, 0x1C, 0xC4, 0x81, 0x1D, 0xCA, 
    0x61, 0x06, 0xD6, 0x90, 0x43, 0x39, 0xC8, 0x43, 0x39, 0x98, 0x43, 0x39, 0xC8, 0x43, 0x39, 0xB8, 
    0xC3, 0x38, 0x94, 0x43, 0x38, 0x88, 0x03, 0x3B, 0x94, 0xC3, 0x2F, 0xBC, 0x83, 0x3C, 0xFC, 0x82, 
    0x3B, 0xD4, 0x03, 0x3B, 0xB0, 0xC3, 0x0C, 0xC4, 0x21, 0x07, 0x7C, 0x70, 0x03, 0x7A, 0x28, 0x87, 
    0x76, 0x80, 0x87, 0x19, 0xD1, 0x43, 0x0E, 0xF8, 0xE0, 0x06, 0xE4, 0x20, 0x0E, 0xE7, 0xE0, 0x06, 
    0xF6, 0x10, 0x0E, 0xF2, 0xC0, 0x0E, 0xE1, 0x90, 0x0F, 0xEF, 0x50, 0x0F, 0xF4, 0x30, 0x83, 0x81, 
    0xC8, 0x01, 0x1F, 0xDC, 0x40, 0x1C, 0xE4, 0xA1, 0x1C, 0xC2, 0x61, 0x1D, 0xDC, 0x40, 0x1C, 0xE4, 
    0x01, 0x00, 0x00, 0x00, 0x71, 0x20, 0x00, 0x00, 0x24, 0x00, 0x00, 0x00, 0x06, 0x60, 0xA4, 0xAC, 
    0x09, 0x20, 0x8D, 0x19, 0x6C, 0xC3, 0xE5, 0x3B, 0x8F, 0x2F, 0x04, 0x54, 0x51, 0x10, 0x51, 0xE9, 
    0x00, 0x43, 0x49, 0x18, 0x80, 0x80, 0xF9, 0xC5, 0x6D, 0xDB, 0xC1, 0x36, 0x5C, 0xBE, 0xF3, 0xF8, 
    0x42, 0x40, 0x15, 0x05, 0x11, 0x95, 0x0E, 0x30, 0x94, 0x84, 0x01, 0x08, 0x98, 0x8F, 0xDC, 0xB6, 
    0x21, 0x48, 0xC3, 0xE5, 0x3B, 0x8F, 0x2F, 0x44, 0x04, 0x30, 0x11, 0x21, 0xD0, 0x0C, 0x0B, 0x61, 
    0x04, 0xCE, 0x70, 0xF9, 0xCE, 0xE3, 0x0F, 0xCE, 0x84, 0xFB, 0xC5, 0x6D, 0x5B, 0xC0, 0x34, 0x5C, 
    0xBE, 0xF3, 0xF8, 0x8B, 0x03, 0x0C, 0x62, 0xF3, 0x50, 0x93, 0x5F, 0xDC, 0xB6, 0x0D, 0x40, 0xC3, 
    0xE5, 0x3B, 0x8F, 0x2F, 0x01, 0xCC, 0xB3, 0x10, 0x7E, 0x71, 0xDB, 0x26, 0x50, 0x0D, 0x97, 0xEF, 
    0x3C, 0xBE, 0x34, 0x39, 0x11, 0x81, 0x52, 0xD3, 0x43, 0x4D, 0x7E, 0x71, 0xDB, 0x56, 0xF0, 0x0C, 
    0x97, 0xEF, 0x3C, 0x3E, 0xD5, 0x00, 0x11, 0xE6, 0x17, 0xB7, 0x0D, 0x00, 0x61, 0x20, 0x00, 0x00, 
    0x7D, 0x00, 0x00, 0x00, 0x13, 0x04, 0x43, 0x2C, 0x10, 0x00, 0x00, 0x00, 0x07, 0x00, 0x00, 0x00, 
    0x94, 0x8D, 0x00, 0x50, 0x51, 0x02, 0x44, 0x94, 0xDC, 0x0C, 0x40, 0xE1, 0x95, 0x5D, 0xC1, 0x95, 
    0x03, 0x0D, 0x63, 0x04, 0x20, 0x08, 0x82, 0xF8, 0x37, 0x03, 0x00, 0x00, 0x23, 0x06, 0x09, 0x00, 
    0x82, 0x60, 0xA0, 0x81, 0x01, 0x12, 0x65, 0x99, 0x32, 0x62, 0x90, 0x00, 0x20, 0x08, 0x06, 0x5A, 
    0x18, 0x24, 0x12, 0xC7, 0x2D, 0x23, 0x06, 0x09, 0x00, 0x82, 0x60, 0xA0, 0x89, 0x81, 0x32, 0x85, 
    0x41, 0x18, 0x30, 0x23, 0x06, 0x09, 0x00, 0x82, 0x60, 0xA0, 0x8D, 0xC1, 0x42, 0x85, 0x41, 0x18, 
    0x34, 0x23, 0x06, 0x09, 0x00, 0x82, 0x60, 0xA0, 0x91, 0x01, 0x73, 0x89, 0x81, 0xE6, 0x8C, 0x18, 
    0x24, 0x00, 0x08, 0x82, 0x81, 0x56, 0x06, 0x4D, 0x35, 0x06, 0xDD, 0x33, 0x62, 0x90, 0x00, 0x20, 
    0x08, 0x06, 0x46, 0x1B, 0x70, 0x65, 0x40, 0x06, 0x57, 0x33, 0x62, 0x90, 0x00, 0x20, 0x08, 0x06, 
    0x86, 0x1B, 0x74, 0x66, 0x50, 0x06, 0x90, 0x33, 0x62, 0xF0, 0x00, 0x20, 0x08, 0x06, 0x4D, 0x1B, 
    0x38, 0x05, 0x21, 0x04, 0x49, 0x62, 0x06, 0x66, 0xF0, 0x24, 0xA3, 0x09, 0x01, 0x30, 0x62, 0xF0, 
    0x00, 0x20, 0x08, 0x06, 0xCD, 0x1B, 0x40, 0x88, 0x41, 0x0C, 0xCB, 0x82, 0x06, 0x68, 0x10, 0x2D, 
    0xA3, 0x09, 0x01, 0x30, 0x62, 0xF0, 0x00, 0x20, 0x08, 0x06, 0x4D, 0x1C, 0x48, 0x0B, 0x62, 0x14, 
    0x4D, 0xA3, 0x06, 0x6A, 0x30, 0x35, 0xA3, 0x09, 0x01, 0x30, 0x62, 0x70, 0x00, 0x20, 0x08, 0x06, 
    0x14, 0x1C, 0x4C, 0x09, 0x1B, 0x8C, 0x26, 0x04, 0xC0, 0x68, 0x82, 0x10, 0x8C, 0x26, 0x0C, 0xC2, 
    0x68, 0x02, 0x31, 0x8C, 0x18, 0x34, 0x00, 0x08, 0x82, 0xC1, 0x73, 0x07, 0x97, 0x82, 0x18, 0x15, 
    0x31, 0x08, 0xC1, 0x88, 0xC1, 0x01, 0x80, 0x20, 0x18, 0x50, 0x76, 0x90, 0x3D, 0x73, 0x30, 0x9A, 
    0x10, 0x00, 0xA3, 0x09, 0x42, 0x30, 0x9A, 0x30, 0x08, 0xA3, 0x09, 0xC4, 0x30, 0x62, 0xD0, 0x00, 
    0x20, 0x08, 0x06, 0x4F, 0x1F, 0x74, 0x90, 0xC3, 0x6C, 0xC4, 0x20, 0x04, 0x23, 0x06, 0x07, 0x00, 
    0x82, 0x60, 0x40, 0xF1, 0xC1, 0x57, 0xD5, 0xC1, 0x68, 0x42, 0x00, 0x8C, 0x26, 0x08, 0xC1, 0x68, 
    0xC2, 0x20, 0x8C, 0x26, 0x10, 0xC3, 0x88, 0x41, 0x03, 0x80, 0x20, 0x18, 0x3C, 0xA3, 0x30, 0x06, 
    0x16, 0x25, 0x85, 0x01, 0x31, 0x08, 0xC1, 0x88, 0xC1, 0x01, 0x80, 0x20, 0x18, 0x5C, 0xA1, 0x50, 
    0x06, 0x9B, 0x1D, 0x8C, 0x26, 0x04, 0xC0, 0x70, 0x43, 0x00, 0x0A, 0x60, 0x30, 0xCB, 0x20, 0x04, 
    0xC1, 0x88, 0xC1, 0x03, 0x80, 0x20, 0x18, 0x34, 0xA8, 0x90, 0x06, 0x63, 0xF0, 0x75, 0x1C, 0x19, 
    0x90, 0x41, 0x28, 0x84, 0x82, 0x1A, 0x90, 0xC1, 0x68, 0x42, 0x00, 0xCC, 0x12, 0x08, 0x03, 0x15, 
    0x83, 0x10, 0xB8, 0x02, 0x30, 0x62, 0x60, 0x00, 0x20, 0x08, 0x06, 0x51, 0x2A, 0xA4, 0xC1, 0x34, 
    0x62, 0x60, 0x00, 0x20, 0x08, 0x06, 0x91, 0x2A, 0xA8, 0x81, 0x33, 0x62, 0x60, 0x00, 0x20, 0x08, 
    0x06, 0xD1, 0x2A, 0xAC, 0x41, 0x32, 0x62, 0x90, 0x00, 0x20, 0x08, 0x06, 0xC8, 0x2B, 0x84, 0xC2, 
    0x29, 0x9C, 0x82, 0x1E, 0x0C, 0x23, 0x06, 0x09, 0x00, 0x82, 0x60, 0x80, 0xBC, 0x42, 0x28, 0x9C, 
    0xC2, 0x29, 0xC8, 0x81, 0x30, 0x62, 0x90, 0x00, 0x20, 0x08, 0x06, 0xC8, 0x2B, 0x84, 0xC2, 0x29, 
    0x9C, 0x42, 0x1E, 0x04, 0x23, 0x06, 0x09, 0x00, 0x82, 0x60, 0x80, 0xBC, 0x42, 0x28, 0x9C, 0xC2, 
    0x29, 0xF0, 0x01, 0x81, 0x00, 0x00, 0x00, 0x00, 0x00, 0x00, 0x00, 0x00, 
};

inline constexpr unsigned char g_binkPSSpirv[] = {
    0x03, 0x02, 0x23, 0x07, 0x00, 0x00, 0x01, 0x00, 0x00, 0x00, 0x0E, 0x00, 0x54, 0x00, 0x00, 0x00, 
    0x00, 0x00, 0x00, 0x00, 0x11, 0x00, 0x02, 0x00, 0x01, 0x00, 0x00, 0x00, 0x0B, 0x00, 0x06, 0x00, 
    0x01, 0x00, 0x00, 0x00, 0x47, 0x4C, 0x53, 0x4C, 0x2E, 0x73, 0x74, 0x64, 0x2E, 0x34, 0x35, 0x30, 
    0x00, 0x00, 0x00, 0x00, 0x0E, 0x00, 0x03, 0x00, 0x00, 0x00, 0x00, 0x00, 0x01, 0x00, 0x00, 0x00, 
    0x0F, 0x00, 0x07, 0x00, 0x04, 0x00, 0x00, 0x00, 0x02, 0x00, 0x00, 0x00, 0x50, 0x53, 0x4D, 0x61, 
    0x69, 0x6E, 0x00, 0x00, 0x03, 0x00, 0x00, 0x00, 0x04, 0x00, 0x00, 0x00, 0x10, 0x00, 0x03, 0x00, 
    0x02, 0x00, 0x00, 0x00, 0x07, 0x00, 0x00, 0x00, 0x03, 0x00, 0x03, 0x00, 0x05, 0x00, 0x00, 0x00, 
    0x58, 0x02, 0x00, 0x00, 0x05, 0x00, 0x06, 0x00, 0x05, 0x00, 0x00, 0x00, 0x74, 0x79, 0x70, 0x65, 
    0x2E, 0x32, 0x64, 0x2E, 0x69, 0x6D, 0x61, 0x67, 0x65, 0x00, 0x00, 0x00, 0x05, 0x00, 0x05, 0x00, 
    0x06, 0x00, 0x00, 0x00, 0x67, 0x5F, 0x54, 0x65, 0x78, 0x74, 0x75, 0x72, 0x65, 0x59, 0x00, 0x00, 
    0x05, 0x00, 0x05, 0x00, 0x07, 0x00, 0x00, 0x00, 0x67, 0x5F, 0x54, 0x65, 0x78, 0x74, 0x75, 0x72, 
    0x65, 0x43, 0x72, 0x00, 0x05, 0x00, 0x05, 0x00, 0x08, 0x00, 0x00, 0x00, 0x67, 0x5F, 0x54, 0x65, 
    0x78, 0x74, 0x75, 0x72, 0x65, 0x43, 0x62, 0x00, 0x05, 0x00, 0x05, 0x00, 0x09, 0x00, 0x00, 0x00, 
    0x67, 0x5F, 0x54, 0x65, 0x78, 0x74, 0x75, 0x72, 0x65, 0x41, 0x00, 0x00, 0x05, 0x00, 0x06, 0x00, 
    0x0A, 0x00, 0x00, 0x00, 0x74, 0x79, 0x70, 0x65, 0x2E, 0x73, 0x61, 0x6D, 0x70, 0x6C, 0x65, 0x72, 
    0x00, 0x00, 0x00, 0x00, 0x05, 0x00, 0x05, 0x00, 0x0B, 0x00, 0x00, 0x00, 0x67, 0x5F, 0x53, 0x61, 
    0x6D, 0x70, 0x6C, 0x65, 0x72, 0x00, 0x00, 0x00, 0x05, 0x00, 0x07, 0x00, 0x0C, 0x00, 0x00, 0x00, 
    0x74, 0x79, 0x70, 0x65, 0x2E, 0x42, 0x69, 0x6E, 0x6B, 0x43, 0x6F, 0x6E, 0x73, 0x74, 0x61, 0x6E, 
    0x74, 0x73, 0x00, 0x00, 0x06, 0x00, 0x06, 0x00, 0x0C, 0x00, 0x00, 0x00, 0x00, 0x00, 0x00, 0x00, 
    0x67, 0x5F, 0x59, 0x75, 0x76, 0x54, 0x6F, 0x52, 0x67, 0x62, 0x00, 0x00, 0x06, 0x00, 0x06, 0x00, 
    0x0C, 0x00, 0x00, 0x00, 0x01, 0x00, 0x00, 0x00, 0x67, 0x5F, 0x48, 0x61, 0x73, 0x41, 0x6C, 0x70, 
    0x68, 0x61, 0x00, 0x00, 0x06, 0x00, 0x06, 0x00, 0x0C, 0x00, 0x00, 0x00, 0x02, 0x00, 0x00, 0x00, 
    0x67, 0x5F, 0x50, 0x61, 0x64, 0x64, 0x69, 0x6E, 0x67, 0x00, 0x00, 0x00, 0x05, 0x00, 0x06, 0x00, 
    0x0D, 0x00, 0x00, 0x00, 0x42, 0x69, 0x6E, 0x6B, 0x43, 0x6F, 0x6E, 0x73, 0x74, 0x61, 0x6E, 0x74, 
    0x73, 0x00, 0x00, 0x00, 0x05, 0x00, 0x07, 0x00, 0x03, 0x00, 0x00, 0x00, 0x69, 0x6E, 0x2E, 0x76, 
    0x61, 0x72, 0x2E, 0x54, 0x45, 0x58, 0x43, 0x4F, 0x4F, 0x52, 0x44, 0x30, 0x00, 0x00, 0x00, 0x00, 
    0x05, 0x00, 0x07, 0x00, 0x04, 0x00, 0x00, 0x00, 0x6F, 0x75, 0x74, 0x2E, 0x76, 0x61, 0x72, 0x2E, 
    0x53, 0x56, 0x5F, 0x54, 0x61, 0x72, 0x67, 0x65, 0x74, 0x00, 0x00, 0x00, 0x05, 0x00, 0x04, 0x00, 
    0x02, 0x00, 0x00, 0x00, 0x50, 0x53, 0x4D, 0x61, 0x69, 0x6E, 0x00, 0x00, 0x05, 0x00, 0x07, 0x00, 
    0x0E, 0x00, 0x00, 0x00, 0x74, 0x79, 0x70, 0x65, 0x2E, 0x73, 0x61, 0x6D, 0x70, 0x6C, 0x65, 0x64, 
    0x2E, 0x69, 0x6D, 0x61, 0x67, 0x65, 0x00, 0x00, 0x47, 0x00, 0x04, 0x00, 0x03, 0x00, 0x00, 0x00, 
    0x1E, 0x00, 0x00, 0x00, 0x00, 0x00, 0x00, 0x00, 0x47, 0x00, 0x04, 0x00, 0x04, 0x00, 0x00, 0x00, 
    0x1E, 0x00, 0x00, 0x00, 0x00, 0x00, 0x00, 0x00, 0x47, 0x00, 0x04, 0x00, 0x06, 0x00, 0x00, 0x00, 
    0x22, 0x00, 0x00, 0x00, 0x00, 0x00, 0x00, 0x00, 0x47, 0x00, 0x04, 0x00, 0x06, 0x00, 0x00, 0x00, 
    0x21, 0x00, 0x00, 0x00, 0x00, 0x00, 0x00, 0x00, 0x47, 0x00, 0x04, 0x00, 0x07, 0x00, 0x00, 0x00, 
    0x22, 0x00, 0x00, 0x00, 0x00, 0x00, 0x00, 0x00, 0x47, 0x00, 0x04, 0x00, 0x07, 0x00, 0x00, 0x00, 
    0x21, 0x00, 0x00, 0x00, 0x01, 0x00, 0x00, 0x00, 0x47, 0x00, 0x04, 0x00, 0x08, 0x00, 0x00, 0x00, 
    0x22, 0x00, 0x00, 0x00, 0x00, 0x00, 0x00, 0x00, 0x47, 0x00, 0x04, 0x00, 0x08, 0x00, 0x00, 0x00, 
    0x21, 0x00, 0x00, 0x00, 0x02, 0x00, 0x00, 0x00, 0x47, 0x00, 0x04, 0x00, 0x09, 0x00, 0x00, 0x00, 
    0x22, 0x00, 0x00, 0x00, 0x00, 0x00, 0x00, 0x00, 0x47, 0x00, 0x04, 0x00, 0x09, 0x00, 0x00, 0x00, 
    0x21, 0x00, 0x00, 0x00, 0x03, 0x00, 0x00, 0x00, 0x47, 0x00, 0x04, 0x00, 0x0B, 0x00, 0x00, 0x00, 
    0x22, 0x00, 0x00, 0x00, 0x00, 0x00, 0x00, 0x00, 0x47, 0x00, 0x04, 0x00, 0x0B, 0x00, 0x00, 0x00, 
    0x21, 0x00, 0x00, 0x00, 0x04, 0x00, 0x00, 0x00, 0x47, 0x00, 0x04, 0x00, 0x0D, 0x00, 0x00, 0x00, 
    0x22, 0x00, 0x00, 0x00, 0x00, 0x00, 0x00, 0x00, 0x47, 0x00, 0x04, 0x00, 0x0D, 0x00, 0x00, 0x00, 
    0x21, 0x00, 0x00, 0x00, 0x05, 0x00, 0x00, 0x00, 0x47, 0x00, 0x04, 0x00, 0x0F, 0x00, 0x00, 0x00, 
    0x06, 0x00, 0x00, 0x00, 0x10, 0x00, 0x00, 0x00, 0x48, 0x00, 0x05, 0x00, 0x0C, 0x00, 0x00, 0x00, 
    0x00, 0x00, 0x00, 0x00, 0x23, 0x00, 0x00, 0x00, 0x00, 0x00, 0x00, 0x00, 0x48, 0x00, 0x05, 0x00, 
    0x0C, 0x00, 0x00, 0x00, 0x01, 0x00, 0x00, 0x00, 0x23, 0x00, 0x00, 0x00, 0x40, 0x00, 0x00, 0x00, 
    0x48, 0x00, 0x05, 0x00, 0x0C, 0x00, 0x00, 0x00, 0x02, 0x00, 0x00, 0x00, 0x23, 0x00, 0x00, 0x00, 
    0x44, 0x00, 0x00, 0x00, 0x47, 0x00, 0x03, 0x00, 0x0C, 0x00, 0x00, 0x00, 0x02, 0x00, 0x00, 0x00, 
    0x15, 0x00, 0x04, 0x00, 0x10, 0x00, 0x00, 0x00, 0x20, 0x00, 0x00, 0x00, 0x01, 0x00, 0x00, 0x00, 
    0x2B, 0x00, 0x04, 0x00, 0x10, 0x00, 0x00, 0x00, 0x11, 0x00, 0x00, 0x00, 0x01, 0x00, 0x00, 0x00, 
    0x16, 0x00, 0x03, 0x00, 0x12, 0x00, 0x00, 0x00, 0x20, 0x00, 0x00, 0x00, 0x2B, 0x00, 0x04, 0x00, 
    0x12, 0x00, 0x00, 0x00, 0x13, 0x00, 0x00, 0x00, 0x00, 0x00, 0x80, 0x3F, 0x2B, 0x00, 0x04, 0x00, 
    0x10, 0x00, 0x00, 0x00, 0x14, 0x00, 0x00, 0x00, 0x00, 0x00, 0x00, 0x00, 0x15, 0x00, 0x04, 0x00, 
    0x15, 0x00, 0x00, 0x00, 0x20, 0x00, 0x00, 0x00, 0x00, 0x00, 0x00, 0x00, 0x2B, 0x00, 0x04, 0x00, 
    0x15, 0x00, 0x00, 0x00, 0x16, 0x00, 0x00, 0x00, 0x00, 0x00, 0x00, 0x00, 0x2B, 0x00, 0x04, 0x00, 
    0x10, 0x00, 0x00, 0x00, 0x17, 0x00, 0x00, 0x00, 0x02, 0x00, 0x00, 0x00, 0x2B, 0x00, 0x04, 0x00, 
    0x12, 0x00, 0x00, 0x00, 0x18, 0x00, 0x00, 0x00, 0x00, 0x00, 0x00, 0x00, 0x17, 0x00, 0x04, 0x00, 
    0x19, 0x00, 0x00, 0x00, 0x12, 0x00, 0x00, 0x00, 0x03, 0x00, 0x00, 0x00, 0x2C, 0x00, 0x06, 0x00, 
    0x19, 0x00, 0x00, 0x00, 0x1A, 0x00, 0x00, 0x00, 0x18, 0x00, 0x00, 0x00, 0x18, 0x00, 0x00, 0x00, 
    0x18, 0x00, 0x00, 0x00, 0x2C, 0x00, 0x06, 0x00, 0x19, 0x00, 0x00, 0x00, 0x1B, 0x00, 0x00, 0x00, 
    0x13, 0x00, 0x00, 0x00, 0x13, 0x00, 0x00, 0x00, 0x13, 0x00, 0x00, 0x00, 0x19, 0x00, 0x09, 0x00, 
    0x05, 0x00, 0x00, 0x00, 0x12, 0x00, 0x00, 0x00, 0x01, 0x00, 0x00, 0x00, 0x02, 0x00, 0x00, 0x00, 
    0x00, 0x00, 0x00, 0x00, 0x00, 0x00, 0x00, 0x00, 0x01, 0x00, 0x00, 0x00, 0x00, 0x00, 0x00, 0x00, 
    0x20, 0x00, 0x04, 0x00, 0x1C, 0x00, 0x00, 0x00, 0x00, 0x00, 0x00, 0x00, 0x05, 0x00, 0x00, 0x00, 
    0x1A, 0x00, 0x02, 0x00, 0x0A, 0x00, 0x00, 0x00, 0x20, 0x00, 0x04, 0x00, 0x1D, 0x00, 0x00, 0x00, 
    0x00, 0x00, 0x00, 0x00, 0x0A, 0x00, 0x00, 0x00, 0x2B, 0x00, 0x04, 0x00, 0x15, 0x00, 0x00, 0x00, 
    0x1E, 0x00, 0x00, 0x00, 0x04, 0x00, 0x00, 0x00, 0x17, 0x00, 0x04, 0x00, 0x1F, 0x00, 0x00, 0x00, 
    0x12, 0x00, 0x00, 0x00, 0x04, 0x00, 0x00, 0x00, 0x1C, 0x00, 0x04, 0x00, 0x0F, 0x00, 0x00, 0x00, 
    0x1F, 0x00, 0x00, 0x00, 0x1E, 0x00, 0x00, 0x00, 0x17, 0x00, 0x04, 0x00, 0x20, 0x00, 0x00, 0x00, 
    0x15, 0x00, 0x00, 0x00, 0x03, 0x00, 0x00, 0x00, 0x1E, 0x00, 0x05, 0x00, 0x0C, 0x00, 0x00, 0x00, 
    0x0F, 0x00, 0x00, 0x00, 0x15, 0x00, 0x00, 0x00, 0x20, 0x00, 0x00, 0x00, 0x20, 0x00, 0x04, 0x00, 
    0x21, 0x00, 0x00, 0x00, 0x02, 0x00, 0x00, 0x00, 0x0C, 0x00, 0x00, 0x00, 0x17, 0x00, 0x04, 0x00, 
    0x22, 0x00, 0x00, 0x00, 0x12, 0x00, 0x00, 0x00, 0x02, 0x00, 0x00, 0x00, 0x20, 0x00, 0x04, 0x00, 
    0x23, 0x00, 0x00, 0x00, 0x01, 0x00, 0x00, 0x00, 0x22, 0x00, 0x00, 0x00, 0x20, 0x00, 0x04, 0x00, 
    0x24, 0x00, 0x00, 0x00, 0x03, 0x00, 0x00, 0x00, 0x1F, 0x00, 0x00, 0x00, 0x13, 0x00, 0x02, 0x00, 
    0x25, 0x00, 0x00, 0x00, 0x21, 0x00, 0x03, 0x00, 0x26, 0x00, 0x00, 0x00, 0x25, 0x00, 0x00, 0x00, 
    0x1B, 0x00, 0x03, 0x00, 0x0E, 0x00, 0x00, 0x00, 0x05, 0x00, 0x00, 0x00, 0x20, 0x00, 0x04, 0x00, 
    0x27, 0x00, 0x00, 0x00, 0x02, 0x00, 0x00, 0x00, 0x1F, 0x00, 0x00, 0x00, 0x20, 0x00, 0x04, 0x00, 
    0x28, 0x00, 0x00, 0x00, 0x02, 0x00, 0x00, 0x00, 0x15, 0x00, 0x00, 0x00, 0x14, 0x00, 0x02, 0x00, 
    0x29, 0x00, 0x00, 0x00, 0x3B, 0x00, 0x04, 0x00, 0x1C, 0x00, 0x00, 0x00, 0x06, 0x00, 0x00, 0x00, 
    0x00, 0x00, 0x00, 0x00, 0x3B, 0x00, 0x04, 0x00, 0x1C, 0x00, 0x00, 0x00, 0x07, 0x00, 0x00, 0x00, 
    0x00, 0x00, 0x00, 0x00, 0x3B, 0x00, 0x04, 0x00, 0x1C, 0x00, 0x00, 0x00, 0x08, 0x00, 0x00, 0x00, 
    0x00, 0x00, 0x00, 0x00, 0x3B, 0x00, 0x04, 0x00, 0x1C, 0x00, 0x00, 0x00, 0x09, 0x00, 0x00, 0x00, 
    0x00, 0x00, 0x00, 0x00, 0x3B, 0x00, 0x04, 0x00, 0x1D, 0x00, 0x00, 0x00, 0x0B, 0x00, 0x00, 0x00, 
    0x00, 0x00, 0x00, 0x00, 0x3B, 0x00, 0x04, 0x00, 0x21, 0x00, 0x00, 0x00, 0x0D, 0x00, 0x00, 0x00, 
    0x02, 0x00, 0x00, 0x00, 0x3B, 0x00, 0x04, 0x00, 0x23, 0x00, 0x00, 0x00, 0x03, 0x00, 0x00, 0x00, 
    0x01, 0x00, 0x00, 0x00, 0x3B, 0x00, 0x04, 0x00, 0x24, 0x00, 0x00, 0x00, 0x04, 0x00, 0x00, 0x00, 
    0x03, 0x00, 0x00, 0x00, 0x36, 0x00, 0x05, 0x00, 0x25, 0x00, 0x00, 0x00, 0x02, 0x00, 0x00, 0x00, 
    0x00, 0x00, 0x00, 0x00, 0x26, 0x00, 0x00, 0x00, 0xF8, 0x00, 0x02, 0x00, 0x2A, 0x00, 0x00, 0x00, 
    0x3D, 0x00, 0x04, 0x00, 0x22, 0x00, 0x00, 0x00, 0x2B, 0x00, 0x00, 0x00, 0x03, 0x00, 0x00, 0x00, 
    0x3D, 0x00, 0x04, 0x00, 0x05, 0x00, 0x00, 0x00, 0x2C, 0x00, 0x00, 0x00, 0x06, 0x00, 0x00, 0x00, 
    0x3D, 0x00, 0x04, 0x00, 0x0A, 0x00, 0x00, 0x00, 0x2D, 0x00, 0x00, 0x00, 0x0B, 0x00, 0x00, 0x00, 
    0x56, 0x00, 0x05, 0x00, 0x0E, 0x00, 0x00, 0x00, 0x2E, 0x00, 0x00, 0x00, 0x2C, 0x00, 0x00, 0x00, 
    0x2D, 0x00, 0x00, 0x00, 0x57, 0x00, 0x06, 0x00, 0x1F, 0x00, 0x00, 0x00, 0x2F, 0x00, 0x00, 0x00, 
    0x2E, 0x00, 0x00, 0x00, 0x2B, 0x00, 0x00, 0x00, 0x00, 0x00, 0x00, 0x00, 0x51, 0x00, 0x05, 0x00, 
    0x12, 0x00, 0x00, 0x00, 0x30, 0x00, 0x00, 0x00, 0x2F, 0x00, 0x00, 0x00, 0x00, 0x00, 0x00, 0x00, 
    0x3D, 0x00, 0x04, 0x00, 0x05, 0x00, 0x00, 0x00, 0x31, 0x00, 0x00, 0x00, 0x07, 0x00, 0x00, 0x00, 
    0x56, 0x00, 0x05, 0x00, 0x0E, 0x00, 0x00, 0x00, 0x32, 0x00, 0x00, 0x00, 0x31, 0x00, 0x00, 0x00, 
    0x2D, 0x00, 0x00, 0x00, 0x57, 0x00, 0x06, 0x00, 0x1F, 0x00, 0x00, 0x00, 0x33, 0x00, 0x00, 0x00, 
    0x32, 0x00, 0x00, 0x00, 0x2B, 0x00, 0x00, 0x00, 0x00, 0x00, 0x00, 0x00, 0x51, 0x00, 0x05, 0x00, 
    0x12, 0x00, 0x00, 0x00, 0x34, 0x00, 0x00, 0x00, 0x33, 0x00, 0x00, 0x00, 0x00, 0x00, 0x00, 0x00, 
    0x3D, 0x00, 0x04, 0x00, 0x05, 0x00, 0x00, 0x00, 0x35, 0x00, 0x00, 0x00, 0x08, 0x00, 0x00, 0x00, 
    0x56, 0x00, 0x05, 0x00, 0x0E, 0x00, 0x00, 0x00, 0x36, 0x00, 0x00, 0x00, 0x35, 0x00, 0x00, 0x00, 
    0x2D, 0x00, 0x00, 0x00, 0x57, 0x00, 0x06, 0x00, 0x1F, 0x00, 0x00, 0x00, 0x37, 0x00, 0x00, 0x00, 
    0x36, 0x00, 0x00, 0x00, 0x2B, 0x00, 0x00, 0x00, 0x00, 0x00, 0x00, 0x00, 0x51, 0x00, 0x05, 0x00, 
    0x12, 0x00, 0x00, 0x00, 0x38, 0x00, 0x00, 0x00, 0x37, 0x00, 0x00, 0x00, 0x00, 0x00, 0x00, 0x00, 
    0x50, 0x00, 0x07, 0x00, 0x1F, 0x00, 0x00, 0x00, 0x39, 0x00, 0x00, 0x00, 0x30, 0x00, 0x00, 0x00, 
    0x34, 0x00, 0x00, 0x00, 0x38, 0x00, 0x00, 0x00, 0x13, 0x00, 0x00, 0x00, 0x41, 0x00, 0x06, 0x00, 
    0x27, 0x00, 0x00, 0x00, 0x3A, 0x00, 0x00, 0x00, 0x0D, 0x00, 0x00, 0x00, 0x14, 0x00, 0x00, 0x00, 
    0x14, 0x00, 0x00, 0x00, 0x3D, 0x00, 0x04, 0x00, 0x1F, 0x00, 0x00, 0x00, 0x3B, 0x00, 0x00, 0x00, 
    0x3A, 0x00, 0x00, 0x00, 0x94, 0x00, 0x05, 0x00, 0x12, 0x00, 0x00, 0x00, 0x3C, 0x00, 0x00, 0x00, 
    0x39, 0x00, 0x00, 0x00, 0x3B, 0x00, 0x00, 0x00, 0x41, 0x00, 0x06, 0x00, 0x27, 0x00, 0x00, 0x00, 
    0x3D, 0x00, 0x00, 0x00, 0x0D, 0x00, 0x00, 0x00, 0x14, 0x00, 0x00, 0x00, 0x11, 0x00, 0x00, 0x00, 
    0x3D, 0x00, 0x04, 0x00, 0x1F, 0x00, 0x00, 0x00, 0x3E, 0x00, 0x00, 0x00, 0x3D, 0x00, 0x00, 0x00, 
    0x94, 0x00, 0x05, 0x00, 0x12, 0x00, 0x00, 0x00, 0x3F, 0x00, 0x00, 0x00, 0x39, 0x00, 0x00, 0x00, 
    0x3E, 0x00, 0x00, 0x00, 0x41, 0x00, 0x06, 0x00, 0x27, 0x00, 0x00, 0x00, 0x40, 0x00, 0x00, 0x00, 
    0x0D, 0x00, 0x00, 0x00, 0x14, 0x00, 0x00, 0x00, 0x17, 0x00, 0x00, 0x00, 0x3D, 0x00, 0x04, 0x00, 
    0x1F, 0x00, 0x00, 0x00, 0x41, 0x00, 0x00, 0x00, 0x40, 0x00, 0x00, 0x00, 0x94, 0x00, 0x05, 0x00, 
    0x12, 0x00, 0x00, 0x00, 0x42, 0x00, 0x00, 0x00, 0x39, 0x00, 0x00, 0x00, 0x41, 0x00, 0x00, 0x00, 
    0x50, 0x00, 0x06, 0x00, 0x19, 0x00, 0x00, 0x00, 0x43, 0x00, 0x00, 0x00, 0x3C, 0x00, 0x00, 0x00, 
    0x3F, 0x00, 0x00, 0x00, 0x42, 0x00, 0x00, 0x00, 0x41, 0x00, 0x05, 0x00, 0x28, 0x00, 0x00, 0x00, 
    0x44, 0x00, 0x00, 0x00, 0x0D, 0x00, 0x00, 0x00, 0x11, 0x00, 0x00, 0x00, 0x3D, 0x00, 0x04, 0x00, 
    0x15, 0x00, 0x00, 0x00, 0x45, 0x00, 0x00, 0x00, 0x44, 0x00, 0x00, 0x00, 0xAB, 0x00, 0x05, 0x00, 
    0x29, 0x00, 0x00, 0x00, 0x46, 0x00, 0x00, 0x00, 0x45, 0x00, 0x00, 0x00, 0x16, 0x00, 0x00, 0x00, 
    0xF7, 0x00, 0x03, 0x00, 0x47, 0x00, 0x00, 0x00, 0x00, 0x00, 0x00, 0x00, 0xFA, 0x00, 0x04, 0x00, 
    0x46, 0x00, 0x00, 0x00, 0x48, 0x00, 0x00, 0x00, 0x49, 0x00, 0x00, 0x00, 0xF8, 0x00, 0x02, 0x00, 
    0x48, 0x00, 0x00, 0x00, 0x3D, 0x00, 0x04, 0x00, 0x05, 0x00, 0x00, 0x00, 0x4A, 0x00, 0x00, 0x00, 
    0x09, 0x00, 0x00, 0x00, 0x56, 0x00, 0x05, 0x00, 0x0E, 0x00, 0x00, 0x00, 0x4B, 0x00, 0x00, 0x00, 
    0x4A, 0x00, 0x00, 0x00, 0x2D, 0x00, 0x00, 0x00, 0x57, 0x00, 0x06, 0x00, 0x1F, 0x00, 0x00, 0x00, 
    0x4C, 0x00, 0x00, 0x00, 0x4B, 0x00, 0x00, 0x00, 0x2B, 0x00, 0x00, 0x00, 0x00, 0x00, 0x00, 0x00, 
    0x51, 0x00, 0x05, 0x00, 0x12, 0x00, 0x00, 0x00, 0x4D, 0x00, 0x00, 0x00, 0x4C, 0x00, 0x00, 0x00, 
    0x00, 0x00, 0x00, 0x00, 0xF9, 0x00, 0x02, 0x00, 0x47, 0x00, 0x00, 0x00, 0xF8, 0x00, 0x02, 0x00, 
    0x49, 0x00, 0x00, 0x00, 0xF9, 0x00, 0x02, 0x00, 0x47, 0x00, 0x00, 0x00, 0xF8, 0x00, 0x02, 0x00, 
    0x47, 0x00, 0x00, 0x00, 0xF5, 0x00, 0x07, 0x00, 0x12, 0x00, 0x00, 0x00, 0x4E, 0x00, 0x00, 0x00, 
    0x4D, 0x00, 0x00, 0x00, 0x48, 0x00, 0x00, 0x00, 0x13, 0x00, 0x00, 0x00, 0x49, 0x00, 0x00, 0x00, 
    0x0C, 0x00, 0x08, 0x00, 0x19, 0x00, 0x00, 0x00, 0x4F, 0x00, 0x00, 0x00, 0x01, 0x00, 0x00, 0x00, 
    0x2B, 0x00, 0x00, 0x00, 0x43, 0x00, 0x00, 0x00, 0x1A, 0x00, 0x00, 0x00, 0x1B, 0x00, 0x00, 0x00, 
    0x51, 0x00, 0x05, 0x00, 0x12, 0x00, 0x00, 0x00, 0x50, 0x00, 0x00, 0x00, 0x4F, 0x00, 0x00, 0x00, 
    0x00, 0x00, 0x00, 0x00, 0x51, 0x00, 0x05, 0x00, 0x12, 0x00, 0x00, 0x00, 0x51, 0x00, 0x00, 0x00, 
    0x4F, 0x00, 0x00, 0x00, 0x01, 0x00, 0x00, 0x00, 0x51, 0x00, 0x05, 0x00, 0x12, 0x00, 0x00, 0x00, 
    0x52, 0x00, 0x00, 0x00, 0x4F, 0x00, 0x00, 0x00, 0x02, 0x00, 0x00, 0x00, 0x50, 0x00, 0x07, 0x00, 
    0x1F, 0x00, 0x00, 0x00, 0x53, 0x00, 0x00, 0x00, 0x50, 0x00, 0x00, 0x00, 0x51, 0x00, 0x00, 0x00, 
    0x52, 0x00, 0x00, 0x00, 0x4E, 0x00, 0x00, 0x00, 0x3E, 0x00, 0x03, 0x00, 0x04, 0x00, 0x00, 0x00, 
    0x53, 0x00, 0x00, 0x00, 0xFD, 0x00, 0x01, 0x00, 0x38, 0x00, 0x01, 0x00, 
};

inline constexpr unsigned char g_overlayVSDxil[] = {
    0x44, 0x58, 0x42, 0x43, 0x49, 0x06, 0x1C, 0x5D, 0xFD, 0xBB, 0x2B, 0xB6, 0xF8, 0x57, 0x81, 0x06, 
    0x44, 0x35, 0x43, 0xF6, 0x01, 0x00, 0x00, 0x00, 0x50, 0x0D, 0x00, 0x00, 0x07, 0x00, 0x00, 0x00, 
    0x3C, 0x00, 0x00, 0x00, 0x4C, 0x00, 0x00, 0x00, 0xD4, 0x00, 0x00, 0x00, 0x60, 0x01, 0x00, 0x00, 
    0x74, 0x02, 0x00, 0x00, 0x84, 0x07, 0x00, 0x00, 0xA0, 0x07, 0x00, 0x00, 0x53, 0x46, 0x49, 0x30, 
    0x08, 0x00, 0x00, 0x00, 0x00, 0x00, 0x00, 0x00, 0x00, 0x00, 0x00, 0x00, 0x49, 0x53, 0x47, 0x31, 
    0x80, 0x00, 0x00, 0x00, 0x03, 0x00, 0x00, 0x00, 0x08, 0x00, 0x00, 0x00, 0x00, 0x00, 0x00, 0x00, 
    0x68, 0x00, 0x00, 0x00, 0x00, 0x00, 0x00, 0x00, 0x00, 0x00, 0x00, 0x00, 0x03, 0x00, 0x00, 0x00, 
    0x00, 0x00, 0x00, 0x00, 0x03, 0x03, 0x00, 0x00, 0x00, 0x00, 0x00, 0x00, 0x00, 0x00, 0x00, 0x00, 
    0x71, 0x00, 0x00, 0x00, 0x00, 0x00, 0x00, 0x00, 0x00, 0x00, 0x00, 0x00, 0x03, 0x00, 0x00, 0x00, 
    0x01, 0x00, 0x00, 0x00, 0x03, 0x03, 0x00, 0x00, 0x00, 0x00, 0x00, 0x00, 0x00, 0x00, 0x00, 0x00, 
    0x7A, 0x00, 0x00, 0x00, 0x00, 0x00, 0x00, 0x00, 0x00, 0x00, 0x00, 0x00, 0x03, 0x00, 0x00, 0x00, 
    0x02, 0x00, 0x00, 0x00, 0x0F, 0x0F, 0x00, 0x00, 0x00, 0x00, 0x00, 0x00, 0x50, 0x4F, 0x53, 0x49, 
    0x54, 0x49, 0x4F, 0x4E, 0x00, 0x54, 0x45, 0x58, 0x43, 0x4F, 0x4F, 0x52, 0x44, 0x00, 0x43, 0x4F, 
    0x4C, 0x4F, 0x52, 0x00, 0x4F, 0x53, 0x47, 0x31, 0x84, 0x00, 0x00, 0x00, 0x03, 0x00, 0x00, 0x00, 
    0x08, 0x00, 0x00, 0x00, 0x00, 0x00, 0x00, 0x00, 0x68, 0x00, 0x00, 0x00, 0x00, 0x00, 0x00, 0x00, 
    0x01, 0x00, 0x00, 0x00, 0x03, 0x00, 0x00, 0x00, 0x00, 0x00, 0x00, 0x00, 0x0F, 0x00, 0x00, 0x00, 
    0x00, 0x00, 0x00, 0x00, 0x00, 0x00, 0x00, 0x00, 0x74, 0x00, 0x00, 0x00, 0x00, 0x00, 0x00, 0x00, 
    0x00, 0x00, 0x00, 0x00, 0x03, 0x00, 0x00, 0x00, 0x01, 0x00, 0x00, 0x00, 0x03, 0x0C, 0x00, 0x00, 
    0x00, 0x00, 0x00, 0x00, 0x00, 0x00, 0x00, 0x00, 0x7D, 0x00, 0x00, 0x00, 0x00, 0x00, 0x00, 0x00, 
    0x00, 0x00, 0x00, 0x00, 0x03, 0x00, 0x00, 0x00, 0x02, 0x00, 0x00, 0x00, 0x0F, 0x00, 0x00, 0x00, 
    0x00, 0x00, 0x00, 0x00, 0x53, 0x56, 0x5F, 0x50, 0x6F, 0x73, 0x69, 0x74, 0x69, 0x6F, 0x6E, 0x00, 
    0x54, 0x45, 0x58, 0x43, 0x4F, 0x4F, 0x52, 0x44, 0x00, 0x43, 0x4F, 0x4C, 0x4F, 0x52, 0x00, 0x00, 
    0x50, 0x53, 0x56, 0x30, 0x0C, 0x01, 0x00, 0x00, 0x34, 0x00, 0x00, 0x00, 0x01, 0x00, 0x00, 0x00, 
    0x00, 0x00, 0x00, 0x00, 0x00, 0x00, 0x00, 0x00, 0x00, 0x00, 0x00, 0x00, 0x00, 0x00, 0x00, 0x00, 
    0xFF, 0xFF, 0xFF, 0xFF, 0x01, 0x00, 0x00, 0x00, 0x03, 0x03, 0x00, 0x03, 0x03, 0x00, 0x00, 0x00, 
    0x00, 0x00, 0x00, 0x00, 0x00, 0x00, 0x00, 0x00, 0x00, 0x00, 0x00, 0x00, 0x28, 0x00, 0x00, 0x00, 
    0x00, 0x00, 0x00, 0x00, 0x30, 0x00, 0x00, 0x00, 0x00, 0x50, 0x4F, 0x53, 0x49, 0x54, 0x49, 0x4F, 
    0x4E, 0x00, 0x54, 0x45, 0x58, 0x43, 0x4F, 0x4F, 0x52, 0x44, 0x00, 0x43, 0x4F, 0x4C, 0x4F, 0x52, 
    0x00, 0x54, 0x45, 0x58, 0x43, 0x4F, 0x4F, 0x52, 0x44, 0x00, 0x43, 0x4F, 0x4C, 0x4F, 0x52, 0x00, 
    0x56, 0x53, 0x4D, 0x61, 0x69, 0x6E, 0x00, 0x00, 0x01, 0x00, 0x00, 0x00, 0x00, 0x00, 0x00, 0x00, 
    0x10, 0x00, 0x00, 0x00, 0x01, 0x00, 0x00, 0x00, 0x00, 0x00, 0x00, 0x00, 0x01, 0x00, 0x42, 0x00, 
    0x03, 0x00, 0x00, 0x00, 0x0A, 0x00, 0x00, 0x00, 0x00, 0x00, 0x00, 0x00, 0x01, 0x01, 0x42, 0x00, 
    0x03, 0x00, 0x00, 0x00, 0x13, 0x00, 0x00, 0x00, 0x00, 0x00, 0x00, 0x00, 0x01, 0x02, 0x44, 0x00, 
    0x03, 0x00, 0x00, 0x00, 0x00, 0x00, 0x00, 0x00, 0x00, 0x00, 0x00, 0x00, 0x01, 0x00, 0x44, 0x03, 
    0x03, 0x04, 0x00, 0x00, 0x19, 0x00, 0x00, 0x00, 0x00, 0x00, 0x00, 0x00, 0x01, 0x01, 0x42, 0x00, 
    0x03, 0x02, 0x00, 0x00, 0x22, 0x00, 0x00, 0x00, 0x00, 0x00, 0x00, 0x00, 0x01, 0x02, 0x44, 0x00, 
    0x03, 0x02, 0x00, 0x00, 0x01, 0x00, 0x00, 0x00, 0x02, 0x00, 0x00, 0x00, 0x00, 0x00, 0x00, 0x00, 
    0x00, 0x00, 0x00, 0x00, 0x10, 0x00, 0x00, 0x00, 0x20, 0x00, 0x00, 0x00, 0x00, 0x00, 0x00, 0x00, 
    0x00, 0x00, 0x00, 0x00, 0x00, 0x01, 0x00, 0x00, 0x00, 0x02, 0x00, 0x00, 0x00, 0x04, 0x00, 0x00, 
    0x00, 0x08, 0x00, 0x00, 0x53, 0x54, 0x41, 0x54, 0x08, 0x05, 0x00, 0x00, 0x60, 0x00, 0x01, 0x00, 
    0x42, 0x01, 0x00, 0x00, 0x44, 0x58, 0x49, 0x4C, 0x00, 0x01, 0x00, 0x00, 0x10, 0x00, 0x00, 0x00, 
    0xF0, 0x04, 0x00, 0x00, 0x42, 0x43, 0xC0, 0xDE, 0x21, 0x0C, 0x00, 0x00, 0x39, 0x01, 0x00, 0x00, 
    0x0B, 0x82, 0x20, 0x00, 0x02, 0x00, 0x00, 0x00, 0x13, 0x00, 0x00, 0x00, 0x07, 0x81, 0x23, 0x91, 
    0x41, 0xC8, 0x04, 0x49, 0x06, 0x10, 0x32, 0x39, 0x92, 0x01, 0x84, 0x0C, 0x25, 0x05, 0x08, 0x19, 
    0x1E, 0x04, 0x8B, 0x62, 0x80, 0x10, 0x45, 0x02, 0x42, 0x92, 0x0B, 0x42, 0x84, 0x10, 0x32, 0x14, 
    0x38, 0x08, 0x18, 0x4B, 0x0A, 0x32, 0x42, 0x88, 0x48, 0x90, 0x14, 0x20, 0x43, 0x46, 0x88, 0xA5, 
    0x00, 0x19, 0x32, 0x42, 0xE4, 0x48, 0x0E, 0x90, 0x11, 0x22, 0xC4, 0x50, 0x41, 0x51, 0x81, 0x8C, 
    0xE1, 0x83, 0xE5, 0x8A, 0x04, 0x21, 0x46, 0x06, 0x51, 0x18, 0x00, 0x00, 0x06, 0x00, 0x00, 0x00, 
    0x1B, 0x8C, 0xE0, 0xFF, 0xFF, 0xFF, 0xFF, 0x07, 0x40, 0x02, 0xA8, 0x0D, 0x84, 0xF0, 0xFF, 0xFF, 
    0xFF, 0xFF, 0x03, 0x20, 0x01, 0x00, 0x00, 0x00, 0x49, 0x18, 0x00, 0x00, 0x02, 0x00, 0x00, 0x00, 
    0x13, 0x82, 0x60, 0x42, 0x20, 0x00, 0x00, 0x00, 0x89, 0x20, 0x00, 0x00, 0x0F, 0x00, 0x00, 0x00, 
    0x32, 0x22, 0x08, 0x09, 0x20, 0x64, 0x85, 0x04, 0x13, 0x22, 0xA4, 0x84, 0x04, 0x13, 0x22, 0xE3, 
    0x84, 0xA1, 0x90, 0x14, 0x12, 0x4C, 0x88, 0x8C, 0x0B, 0x84, 0x84, 0x4C, 0x10, 0x30, 0x23, 0x00, 
    0x25, 0x00, 0x8A, 0x19, 0x80, 0x39, 0x02, 0x30, 0x98, 0x23, 0x40, 0x8A, 0x31, 0x44, 0x54, 0x44, 
    0x56, 0x0C, 0x20, 0xA2, 0x1A, 0xC2, 0x81, 0x80, 0x74, 0x20, 0x00, 0x00, 0x13, 0x14, 0x72, 0xC0, 
    0x87, 0x74, 0x60, 0x87, 0x36, 0x68, 0x87, 0x79, 0x68, 0x03, 0x72, 0xC0, 0x87, 0x0D, 0xAF, 0x50, 
    0x0E, 0x6D, 0xD0, 0x0E, 0x7A, 0x50, 0x0E, 0x6D, 0x00, 0x0F, 0x7A, 0x30, 0x07, 0x72, 0xA0, 0x07, 
    0x73, 0x20, 0x07, 0x6D, 0x90, 0x0E, 0x71, 0xA0, 0x07, 0x73, 0x20, 0x07, 0x6D, 0x90, 0x0E, 0x78, 
    0xA0, 0x07, 0x73, 0x20, 0x07, 0x6D, 0x90, 0x0E, 0x71, 0x60, 0x07, 0x7A, 0x30, 0x07, 0x72, 0xD0, 
    0x06, 0xE9, 0x30, 0x07, 0x72, 0xA0, 0x07, 0x73, 0x20, 0x07, 0x6D, 0x90, 0x0E, 0x76, 0x40, 0x07, 
    0x7A, 0x60, 0x07, 0x74, 0xD0, 0x06, 0xE6, 0x10, 0x07, 0x76, 0xA0, 0x07, 0x73, 0x20, 0x07, 0x6D, 
    0x60, 0x0E, 0x73, 0x20, 0x07, 0x7A, 0x30, 0x07, 0x72, 0xD0, 0x06, 0xE6, 0x60, 0x07, 0x74, 0xA0, 
    0x07, 0x76, 0x40, 0x07, 0x6D, 0xE0, 0x0E, 0x78, 0xA0, 0x07, 0x71, 0x60, 0x07, 0x7A, 0x30, 0x07, 
    0x72, 0xA0, 0x07, 0x76, 0x40, 0x07, 0x43, 0x9E, 0x00, 0x08, 0x00, 0x00, 0x00, 0x00, 0x00, 0x00, 
    0x00, 0x00, 0x00, 0x86, 0x3C, 0x06, 0x10, 0x00, 0x01, 0x00, 0x00, 0x00, 0x00, 0x00, 0x00, 0x00, 
    0x0C, 0x79, 0x10, 0x20, 0x00, 0x04, 0x00, 0x00, 0x00, 0x00, 0x00, 0x00, 0x00, 0xC8, 0x02, 0x01, 
    0x0F, 0x00, 0x00, 0x00, 0x32, 0x1E, 0x98, 0x14, 0x19, 0x11, 0x4C, 0x90, 0x8C, 0x09, 0x26, 0x47, 
    0xC6, 0x04, 0x43, 0xA2, 0x12, 0x18, 0x01, 0x28, 0x86, 0x32, 0x28, 0x82, 0xF2, 0x28, 0x93, 0x82, 
    0x28, 0x0A, 0xAA, 0x92, 0x18, 0x01, 0x28, 0x82, 0x42, 0x28, 0x03, 0xDA, 0xB1, 0x1C, 0x86, 0x09, 
    0x04, 0x00, 0x80, 0xC0, 0x00, 0x00, 0x40, 0x04, 0x84, 0x40, 0x30, 0x00, 0x41, 0x01, 0x00, 0x00, 
    0x79, 0x18, 0x00, 0x00, 0x6B, 0x00, 0x00, 0x00, 0x1A, 0x03, 0x4C, 0x90, 0x46, 0x02, 0x13, 0xC4, 
    0x8E, 0x0C, 0x6F, 0xEC, 0xED, 0x4D, 0x0C, 0x24, 0xC6, 0x05, 0xC7, 0x45, 0x86, 0x06, 0xE6, 0xC6, 
    0xE5, 0x06, 0x04, 0x85, 0x26, 0xC6, 0xC6, 0x2C, 0x4C, 0xCC, 0x46, 0xAC, 0x26, 0x65, 0x43, 0x10, 
    0x4C, 0x10, 0x88, 0x61, 0x82, 0x40, 0x10, 0x1B, 0x84, 0x81, 0xD8, 0x20, 0x10, 0x04, 0x05, 0xBB, 
    0xB9, 0x09, 0x02, 0x51, 0x6C, 0x18, 0x0E, 0x84, 0x98, 0x20, 0x08, 0xC0, 0x06, 0x60, 0xC3, 0x40, 
    0x2C, 0xCB, 0x86, 0x80, 0xD9, 0x30, 0x0C, 0x4A, 0x33, 0x41, 0x58, 0xA2, 0x0D, 0xC1, 0x43, 0xC3, 
    0x6A, 0xAA, 0x29, 0x2C, 0xCD, 0x8D, 0x08, 0xD4, 0xD3, 0x54, 0x12, 0x55, 0xD2, 0x93, 0xD3, 0x04, 
    0xA1, 0x60, 0x26, 0x08, 0x45, 0xB3, 0x21, 0x20, 0x26, 0x08, 0x85, 0x33, 0x41, 0x20, 0x8C, 0x0D, 
    0xC2, 0x75, 0x6D, 0x58, 0x08, 0x69, 0xA2, 0x2A, 0x6A, 0xB0, 0x08, 0x0A, 0x23, 0x42, 0x55, 0x84, 
    0x35, 0xF4, 0xF4, 0x24, 0x45, 0xB4, 0x61, 0x19, 0xB4, 0x89, 0xAA, 0xA8, 0xC1, 0x1A, 0x28, 0x6C, 
    0x82, 0x40, 0x1C, 0x2C, 0x86, 0x9E, 0x98, 0x9E, 0xA4, 0x26, 0x08, 0xC5, 0x33, 0x41, 0x20, 0x90, 
    0x0D, 0xC2, 0xF5, 0x6D, 0x58, 0xB8, 0x6E, 0xA2, 0x2A, 0x6A, 0xF0, 0x38, 0x0A, 0x0C, 0x36, 0x0C, 
    0xD9, 0x16, 0x06, 0x5C, 0xA6, 0xAC, 0xBE, 0xA0, 0xDE, 0xE6, 0xD2, 0xE8, 0xD2, 0xDE, 0xDC, 0x26, 
    0x08, 0x05, 0xB4, 0x61, 0x21, 0xC6, 0x60, 0x22, 0x83, 0xCA, 0x1B, 0x3C, 0x82, 0x02, 0x83, 0x0D, 
    0xCB, 0xA0, 0x4D, 0x54, 0x65, 0x0D, 0xD6, 0x40, 0x61, 0x1B, 0x16, 0xAE, 0x9B, 0xA8, 0xCA, 0x1A, 
    0x3C, 0x8E, 0x02, 0x83, 0x0D, 0x43, 0x19, 0x98, 0xC1, 0x19, 0x6C, 0x18, 0xC4, 0x00, 0x0D, 0x80, 
    0x0D, 0x85, 0x12, 0xA5, 0x01, 0x00, 0xB0, 0x48, 0x73, 0x9B, 0xA3, 0x9B, 0x9B, 0x20, 0x10, 0x09, 
    0x8D, 0xB9, 0xB4, 0xB3, 0x2F, 0x36, 0xB2, 0x09, 0x02, 0xA1, 0xD0, 0x98, 0x4B, 0x3B, 0xFB, 0x9A, 
    0xA3, 0x9B, 0x20, 0x10, 0xCB, 0x06, 0x63, 0x0D, 0xD8, 0xA0, 0x0D, 0xDC, 0xE0, 0x0D, 0xE0, 0xA0, 
    0x0A, 0x1B, 0x9B, 0x5D, 0x9B, 0x4B, 0x1A, 0x59, 0x99, 0x1B, 0xDD, 0x94, 0x20, 0xA8, 0x42, 0x86, 
    0xE7, 0x62, 0x57, 0x26, 0x37, 0x97, 0xF6, 0xE6, 0x36, 0x25, 0x20, 0x9A, 0x90, 0xE1, 0xB9, 0xD8, 
    0x85, 0xB1, 0xD9, 0x95, 0xC9, 0x4D, 0x09, 0x8A, 0x3A, 0x64, 0x78, 0x2E, 0x73, 0x68, 0x61, 0x64, 
    0x65, 0x72, 0x4D, 0x6F, 0x64, 0x65, 0x6C, 0x53, 0x02, 0xA4, 0x12, 0x19, 0x9E, 0x0B, 0x5D, 0x1E, 
    0x5C, 0x59, 0x90, 0x9B, 0xDB, 0x1B, 0x5D, 0x18, 0x5D, 0xDA, 0x9B, 0xDB, 0xDC, 0x94, 0xA0, 0xA9, 
    0x43, 0x86, 0xE7, 0x62, 0x97, 0x56, 0x76, 0x97, 0x44, 0x36, 0x45, 0x17, 0x46, 0x57, 0x36, 0x25, 
    0x78, 0xEA, 0x90, 0xE1, 0xB9, 0x94, 0xB9, 0xD1, 0xC9, 0xE5, 0x41, 0xBD, 0xA5, 0xB9, 0xD1, 0xCD, 
    0x4D, 0x09, 0xD2, 0xA0, 0x0B, 0x19, 0x9E, 0xCB, 0xD8, 0x5B, 0x9D, 0x1B, 0x5D, 0x99, 0xDC, 0xDC, 
    0x94, 0x00, 0x0E, 0x00, 0x79, 0x18, 0x00, 0x00, 0x4C, 0x00, 0x00, 0x00, 0x33, 0x08, 0x80, 0x1C, 
    0xC4, 0xE1, 0x1C, 0x66, 0x14, 0x01, 0x3D, 0x88, 0x43, 0x38, 0x84, 0xC3, 0x8C, 0x42, 0x80, 0x07, 
    0x79, 0x78, 0x07, 0x73, 0x98, 0x71, 0x0C, 0xE6, 0x00, 0x0F, 0xED, 0x10, 0x0E, 0xF4, 0x80, 0x0E, 
    0x33, 0x0C, 0x42, 0x1E, 0xC2, 0xC1, 0x1D, 0xCE, 0xA1, 0x1C, 0x66, 0x30, 0x05, 0x3D, 0x88, 0x43, 
    0x38, 0x84, 0x83, 0x1B, 0xCC, 0x03, 0x3D, 0xC8, 0x43, 0x3D, 0x8C, 0x03, 0x3D, 0xCC, 0x78, 0x8C, 
    0x74, 0x70, 0x07, 0x7B, 0x08, 0x07, 0x79, 0x48, 0x87, 0x70, 0x70, 0x07, 0x7A, 0x70, 0x03, 0x76, 
    0x78, 0x87, 0x70, 0x20, 0x87, 0x19, 0xCC, 0x11, 0x0E, 0xEC, 0x90, 0x0E, 0xE1, 0x30, 0x0F, 0x6E, 
    0x30, 0x0F, 0xE3, 0xF0, 0x0E, 0xF0, 0x50, 0x0E, 0x33, 0x10, 0xC4, 0x1D, 0xDE, 0x21, 0x1C, 0xD8, 
    0x21, 0x1D, 0xC2, 0x61, 0x1E, 0x66, 0x30, 0x89, 0x3B, 0xBC, 0x83, 0x3B, 0xD0, 0x43, 0x39, 0xB4, 
    0x03, 0x3C, 0xBC, 0x83, 0x3C, 0x84, 0x03, 0x3B, 0xCC, 0xF0, 0x14, 0x76, 0x60, 0x07, 0x7B, 0x68, 
    0x07, 0x37, 0x68, 0x87, 0x72, 0x68, 0x07, 0x37, 0x80, 0x87, 0x70, 0x90, 0x87, 0x70, 0x60, 0x07, 
    0x76, 0x28, 0x07, 0x76, 0xF8, 0x05, 0x76, 0x78, 0x87, 0x77, 0x80, 0x87, 0x5F, 0x08, 0x87, 0x71, 
    0x18, 0x87, 0x72, 0x98, 0x87, 0x79, 0x98, 0x81, 0x2C, 0xEE, 0xF0, 0x0E, 0xEE, 0xE0, 0x0E, 0xF5, 
    0xC0, 0x0E, 0xEC, 0x30, 0x03, 0x62, 0xC8, 0xA1, 0x1C, 0xE4, 0xA1, 0x1C, 0xCC, 0xA1, 0x1C, 0xE4, 
    0xA1, 0x1C, 0xDC, 0x61, 0x1C, 0xCA, 0x21, 0x1C, 0xC4, 0x81, 0x1D, 0xCA, 0x61, 0x06, 0xD6, 0x90, 
    0x43, 0x39, 0xC8, 0x43, 0x39, 0x98, 0x43, 0x39, 0xC8, 0x43, 0x39, 0xB8, 0xC3, 0x38, 0x94, 0x43, 
    0x38, 0x88, 0x03, 0x3B, 0x94, 0xC3, 0x2F, 0xBC, 0x83, 0x3C, 0xFC, 0x82, 0x3B, 0xD4, 0x03, 0x3B, 
    0xB0, 0xC3, 0x0C, 0xC4, 0x21, 0x07, 0x7C, 0x70, 0x03, 0x7A, 0x28, 0x87, 0x76, 0x80, 0x87, 0x19, 
    0xD1, 0x43, 0x0E, 0xF8, 0xE0, 0x06, 0xE4, 0x20, 0x0E, 0xE7, 0xE0, 0x06, 0xF6, 0x10, 0x0E, 0xF2, 
    0xC0, 0x0E, 0xE1, 0x90, 0x0F, 0xEF, 0x50, 0x0F, 0xF4, 0x00, 0x00, 0x00, 0x71, 0x20, 0x00, 0x00, 
    0x0B, 0x00, 0x00, 0x00, 0x06, 0x60, 0xBC, 0xAC, 0x09, 0x20, 0x8D, 0x05, 0x4C, 0xC3, 0xE5, 0x3B, 
    0x8F, 0xBF, 0x38, 0xC0, 0x20, 0x36, 0x0F, 0x35, 0xF9, 0xC5, 0x6D, 0x9B, 0x40, 0x35, 0x5C, 0xBE, 
    0xF3, 0xF8, 0xD2, 0xE4, 0x44, 0x04, 0x4A, 0x4D, 0x0F, 0x35, 0xF9, 0xC5, 0x6D, 0x03, 0x00, 0x00, 
    0x00, 0x00, 0x00, 0x00, 0x48, 0x41, 0x53, 0x48, 0x14, 0x00, 0x00, 0x00, 0x00, 0x00, 0x00, 0x00, 
    0x4A, 0x0B, 0x51, 0x67, 0x6B, 0x93, 0x82, 0xB1, 0x2A, 0x04, 0x18, 0x91, 0x42, 0x28, 0xF3, 0xD1, 
    0x44, 0x58, 0x49, 0x4C, 0xA8, 0x05, 0x00, 0x00, 0x60, 0x00, 0x01, 0x00, 0x6A, 0x01, 0x00, 0x00, 
    0x44, 0x58, 0x49, 0x4C, 0x00, 0x01, 0x00, 0x00, 0x10, 0x00, 0x00, 0x00, 0x90, 0x05, 0x00, 0x00, 
    0x42, 0x43, 0xC0, 0xDE, 0x21, 0x0C, 0x00, 0x00, 0x61, 0x01, 0x00, 0x00, 0x0B, 0x82, 0x20, 0x00, 
    0x02, 0x00, 0x00, 0x00, 0x13, 0x00, 0x00, 0x00, 0x07, 0x81, 0x23, 0x91, 0x41, 0xC8, 0x04, 0x49, 
    0x06, 0x10, 0x32, 0x39, 0x92, 0x01, 0x84, 0x0C, 0x25, 0x05, 0x08, 0x19, 0x1E, 0x04, 0x8B, 0x62, 
    0x80, 0x10, 0x45, 0x02, 0x42, 0x92, 0x0B, 0x42, 0x84, 0x10, 0x32, 0x14, 0x38, 0x08, 0x18, 0x4B, 
    0x0A, 0x32, 0x42, 0x88, 0x48, 0x90, 0x14, 0x20, 0x43, 0x46, 0x88, 0xA5, 0x00, 0x19, 0x32, 0x42, 
    0xE4, 0x48, 0x0E, 0x90, 0x11, 0x22, 0xC4, 0x50, 0x41, 0x51, 0x81, 0x8C, 0xE1, 0x83, 0xE5, 0x8A, 
    0x04, 0x21, 0x46, 0x06, 0x51, 0x18, 0x00, 0x00, 0x06, 0x00, 0x00, 0x00, 0x1B, 0x8C, 0xE0, 0xFF, 
    0xFF, 0xFF, 0xFF, 0x07, 0x40, 0x02, 0xA8, 0x0D, 0x84, 0xF0, 0xFF, 0xFF, 0xFF, 0xFF, 0x03, 0x20, 
    0x01, 0x00, 0x00, 0x00, 0x49, 0x18, 0x00, 0x00, 0x02, 0x00, 0x00, 0x00, 0x13, 0x82, 0x60, 0x42, 
    0x20, 0x00, 0x00, 0x00, 0x89, 0x20, 0x00, 0x00, 0x0F, 0x00, 0x00, 0x00, 0x32, 0x22, 0x08, 0x09, 
    0x20, 0x64, 0x85, 0x04, 0x13, 0x22, 0xA4, 0x84, 0x04, 0x13, 0x22, 0xE3, 0x84, 0xA1, 0x90, 0x14, 
    0x12, 0x4C, 0x88, 0x8C, 0x0B, 0x84, 0x84, 0x4C, 0x10, 0x30, 0x23, 0x00, 0x25, 0x00, 0x8A, 0x19, 
    0x80, 0x39, 0x02, 0x30, 0x98, 0x23, 0x40, 0x8A, 0x31, 0x44, 0x54, 0x44, 0x56, 0x0C, 0x20, 0xA2, 
    0x1A, 0xC2, 0x81, 0x80, 0x74, 0x20, 0x00, 0x00, 0x13, 0x14, 0x72, 0xC0, 0x87, 0x74, 0x60, 0x87, 
    0x36, 0x68, 0x87, 0x79, 0x68, 0x03, 0x72, 0xC0, 0x87, 0x0D, 0xAF, 0x50, 0x0E, 0x6D, 0xD0, 0x0E, 
    0x7A, 0x50, 0x0E, 0x6D, 0x00, 0x0F, 0x7A, 0x30, 0x07, 0x72, 0xA0, 0x07, 0x73, 0x20, 0x07, 0x6D, 
    0x90, 0x0E, 0x71, 0xA0, 0x07, 0x73, 0x20, 0x07, 0x6D, 0x90, 0x0E, 0x78, 0xA0, 0x07, 0x73, 0x20, 
    0x07, 0x6D, 0x90, 0x0E, 0x71, 0x60, 0x07, 0x7A, 0x30, 0x07, 0x72, 0xD0, 0x06, 0xE9, 0x30, 0x07, 
    0x72, 0xA0, 0x07, 0x73, 0x20, 0x07, 0x6D, 0x90, 0x0E, 0x76, 0x40, 0x07, 0x7A, 0x60, 0x07, 0x74, 
    0xD0, 0x06, 0xE6, 0x10, 0x07, 0x76, 0xA0, 0x07, 0x73, 0x20, 0x07, 0x6D, 0x60, 0x0E, 0x73, 0x20, 
    0x07, 0x7A, 0x30, 0x07, 0x72, 0xD0, 0x06, 0xE6, 0x60, 0x07, 0x74, 0xA0, 0x07, 0x76, 0x40, 0x07, 
    0x6D, 0xE0, 0x0E, 0x78, 0xA0, 0x07, 0x71, 0x60, 0x07, 0x7A, 0x30, 0x07, 0x72, 0xA0, 0x07, 0x76, 
    0x40, 0x07, 0x43, 0x9E, 0x00, 0x00, 0x00, 0x00, 0x00, 0x00, 0x00, 0x00, 0x00, 0x00, 0x00, 0x86, 
    0x3C, 0x06, 0x10, 0x00, 0x01, 0x00, 0x00, 0x00, 0x00, 0x00, 0x00, 0x00, 0x0C, 0x79, 0x10, 0x20, 
    0x00, 0x04, 0x00, 0x00, 0x00, 0x00, 0x00, 0x00, 0x00, 0xC8, 0x02, 0x01, 0x0E, 0x00, 0x00, 0x00, 
    0x32, 0x1E, 0x98, 0x14, 0x19, 0x11, 0x4C, 0x90, 0x8C, 0x09, 0x26, 0x47, 0xC6, 0x04, 0x43, 0xA2, 
    0x12, 0x18, 0x01, 0x28, 0x88, 0x62, 0x28, 0x83, 0x22, 0x28, 0x0F, 0xAA, 0x92, 0x18, 0x01, 0x28, 
    0x82, 0x42, 0x28, 0x03, 0xDA, 0xB1, 0x1C, 0x86, 0x09, 0x04, 0x00, 0x80, 0xC0, 0x00, 0x00, 0x40, 
    0x04, 0x84, 0x40, 0x30, 0x00, 0x41, 0x01, 0x00, 0x79, 0x18, 0x00, 0x00, 0x54, 0x00, 0x00, 0x00, 
    0x1A, 0x03, 0x4C, 0x90, 0x46, 0x02, 0x13, 0xC4, 0x8E, 0x0C, 0x6F, 0xEC, 0xED, 0x4D, 0x0C, 0x24, 
    0xC6, 0x05, 0xC7, 0x45, 0x86, 0x06, 0xE6, 0xC6, 0xE5, 0x06, 0x04, 0x85, 0x26, 0xC6, 0xC6, 0x2C, 
    0x4C, 0xCC, 0x46, 0xAC, 0x26, 0x65, 0x43, 0x10, 0x4C, 0x10, 0x88, 0x61, 0x82, 0x40, 0x10, 0x1B, 
    0x84, 0x81, 0x98, 0x20, 0x10, 0xC5, 0x06, 0x61, 0x30, 0x28, 0xD8, 0xCD, 0x4D, 0x10, 0x08, 0x63, 
    0xC3, 0x80, 0x24, 0xC4, 0x04, 0x61, 0x79, 0x36, 0x04, 0xCB, 0x04, 0x41, 0x00, 0x68, 0x58, 0x4D, 
    0x35, 0x85, 0xA5, 0xB9, 0x11, 0x81, 0x7A, 0x9A, 0x4A, 0xA2, 0x4A, 0x7A, 0x72, 0x9A, 0x20, 0x14, 
    0xCA, 0x04, 0xA1, 0x58, 0x36, 0x04, 0xC4, 0x04, 0xA1, 0x60, 0x26, 0x08, 0xC4, 0xB1, 0x41, 0xA0, 
    0xA8, 0x0D, 0x0B, 0xF1, 0x40, 0x91, 0x14, 0x0D, 0x13, 0x11, 0x55, 0x44, 0xA8, 0x8A, 0xB0, 0x86, 
    0x9E, 0x9E, 0xA4, 0x88, 0x36, 0x2C, 0xC3, 0x05, 0x45, 0x52, 0x34, 0x4C, 0x43, 0x54, 0x4D, 0x10, 
    0x08, 0x84, 0xC5, 0xD0, 0x13, 0xD3, 0x93, 0xD4, 0x04, 0xA1, 0x68, 0x26, 0x08, 0x44, 0xB2, 0x41, 
    0xA0, 0xB8, 0x0D, 0x4B, 0xA6, 0x41, 0x91, 0x14, 0x0D, 0x5B, 0x16, 0x75, 0x1B, 0x06, 0x0B, 0xF3, 
    0xB8, 0x4C, 0x59, 0x7D, 0x41, 0xBD, 0xCD, 0xA5, 0xD1, 0xA5, 0xBD, 0xB9, 0x4D, 0x10, 0x0A, 0x67, 
    0xC3, 0x42, 0x80, 0x01, 0x14, 0x06, 0xD2, 0x36, 0x6C, 0x44, 0xD4, 0x6D, 0x58, 0x86, 0x0B, 0x8A, 
    0xA4, 0x69, 0x98, 0x86, 0xA8, 0xDA, 0xB0, 0x64, 0x1A, 0x14, 0x49, 0xD3, 0xB0, 0x65, 0x51, 0xB7, 
    0x61, 0x10, 0x83, 0x31, 0x20, 0x83, 0x0D, 0xC3, 0x57, 0x06, 0xC0, 0x86, 0xA2, 0x71, 0xCC, 0x00, 
    0x00, 0xAA, 0xB0, 0xB1, 0xD9, 0xB5, 0xB9, 0xA4, 0x91, 0x95, 0xB9, 0xD1, 0x4D, 0x09, 0x82, 0x2A, 
    0x64, 0x78, 0x2E, 0x76, 0x65, 0x72, 0x73, 0x69, 0x6F, 0x6E, 0x53, 0x02, 0xA2, 0x09, 0x19, 0x9E, 
    0x8B, 0x5D, 0x18, 0x9B, 0x5D, 0x99, 0xDC, 0x94, 0xC0, 0xA8, 0x43, 0x86, 0xE7, 0x32, 0x87, 0x16, 
    0x46, 0x56, 0x26, 0xD7, 0xF4, 0x46, 0x56, 0xC6, 0x36, 0x25, 0x48, 0xEA, 0x90, 0xE1, 0xB9, 0xD8, 
    0xA5, 0x95, 0xDD, 0x25, 0x91, 0x4D, 0xD1, 0x85, 0xD1, 0x95, 0x4D, 0x09, 0x96, 0x3A, 0x64, 0x78, 
    0x2E, 0x65, 0x6E, 0x74, 0x72, 0x79, 0x50, 0x6F, 0x69, 0x6E, 0x74, 0x73, 0x53, 0x02, 0x33, 0x00, 
    0x79, 0x18, 0x00, 0x00, 0x4C, 0x00, 0x00, 0x00, 0x33, 0x08, 0x80, 0x1C, 0xC4, 0xE1, 0x1C, 0x66, 
    0x14, 0x01, 0x3D, 0x88, 0x43, 0x38, 0x84, 0xC3, 0x8C, 0x42, 0x80, 0x07, 0x79, 0x78, 0x07, 0x73, 
    0x98, 0x71, 0x0C, 0xE6, 0x00, 0x0F, 0xED, 0x10, 0x0E, 0xF4, 0x80, 0x0E, 0x33, 0x0C, 0x42, 0x1E, 
    0xC2, 0xC1, 0x1D, 0xCE, 0xA1, 0x1C, 0x66, 0x30, 0x05, 0x3D, 0x88, 0x43, 0x38, 0x84, 0x83, 0x1B, 
    0xCC, 0x03, 0x3D, 0xC8, 0x43, 0x3D, 0x8C, 0x03, 0x3D, 0xCC, 0x78, 0x8C, 0x74, 0x70, 0x07, 0x7B, 
    0x08, 0x07, 0x79, 0x48, 0x87, 0x70, 0x70, 0x07, 0x7A, 0x70, 0x03, 0x76, 0x78, 0x87, 0x70, 0x20, 
    0x87, 0x19, 0xCC, 0x11, 0x0E, 0xEC, 0x90, 0x0E, 0xE1, 0x30, 0x0F, 0x6E, 0x30, 0x0F, 0xE3, 0xF0, 
    0x0E, 0xF0, 0x50, 0x0E, 0x33, 0x10, 0xC4, 0x1D, 0xDE, 0x21, 0x1C, 0xD8, 0x21, 0x1D, 0xC2, 0x61, 
    0x1E, 0x66, 0x30, 0x89, 0x3B, 0xBC, 0x83, 0x3B, 0xD0, 0x43, 0x39, 0xB4, 0x03, 0x3C, 0xBC, 0x83, 
    0x3C, 0x84, 0x03, 0x3B, 0xCC, 0xF0, 0x14, 0x76, 0x60, 0x07, 0x7B, 0x68, 0x07, 0x37, 0x68, 0x87, 
    0x72, 0x68, 0x07, 0x37, 0x80, 0x87, 0x70, 0x90, 0x87, 0x70, 0x60, 0x07, 0x76, 0x28, 0x07, 0x76, 
    0xF8, 0x05, 0x76, 0x78, 0x87, 0x77, 0x80, 0x87, 0x5F, 0x08, 0x87, 0x71, 0x18, 0x87, 0x72, 0x98, 
    0x87, 0x79, 0x98, 0x81, 0x2C, 0xEE, 0xF0, 0x0E, 0xEE, 0xE0, 0x0E, 0xF5, 0xC0, 0x0E, 0xEC, 0x30, 
    0x03, 0x62, 0xC8, 0xA1, 0x1C, 0xE4, 0xA1, 0x1C, 0xCC, 0xA1, 0x1C, 0xE4, 0xA1, 0x1C, 0xDC, 0x61, 
    0x1C, 0xCA, 0x21, 0x1C, 0xC4, 0x81, 0x1D, 0xCA, 0x61, 0x06, 0xD6, 0x90, 0x43, 0x39, 0xC8, 0x43, 
    0x39, 0x98, 0x43, 0x39, 0xC8, 0x43, 0x39, 0xB8, 0xC3, 0x38, 0x94, 0x43, 0x38, 0x88, 0x03, 0x3B, 
    0x94, 0xC3, 0x2F, 0xBC, 0x83, 0x3C, 0xFC, 0x82, 0x3B, 0xD4, 0x03, 0x3B, 0xB0, 0xC3, 0x0C, 0xC4, 
    0x21, 0x07, 0x7C, 0x70, 0x03, 0x7A, 0x28, 0x87, 0x76, 0x80, 0x87, 0x19, 0xD1, 0x43, 0x0E, 0xF8, 
    0xE0, 0x06, 0xE4, 0x20, 0x0E, 0xE7, 0xE0, 0x06, 0xF6, 0x10, 0x0E, 0xF2, 0xC0, 0x0E, 0xE1, 0x90, 
    0x0F, 0xEF, 0x50, 0x0F, 0xF4, 0x00, 0x00, 0x00, 0x71, 0x20, 0x00, 0x00, 0x0B, 0x00, 0x00, 0x00, 
    0x06, 0x60, 0xBC, 0xAC, 0x09, 0x20, 0x8D, 0x05, 0x4C, 0xC3, 0xE5, 0x3B, 0x8F, 0xBF, 0x38, 0xC0, 
    0x20, 0x36, 0x0F, 0x35, 0xF9, 0xC5, 0x6D, 0x9B, 0x40, 0x35, 0x5C, 0xBE, 0xF3, 0xF8, 0xD2, 0xE4, 
    0x44, 0x04, 0x4A, 0x4D, 0x0F, 0x35, 0xF9, 0xC5, 0x6D, 0x03, 0x00, 0x00, 0x61, 0x20, 0x00, 0x00, 
    0x3E, 0x00, 0x00, 0x00, 0x13, 0x04, 0x41, 0x2C, 0x10, 0x00, 0x00, 0x00, 0x05, 0x00, 0x00, 0x00, 
    0x54, 0x25, 0x40, 0x34, 0x03, 0x50, 0x0A, 0x85, 0x40, 0x33, 0x46, 0x00, 0x82, 0x20, 0x88, 0x7F, 
    0x23, 0x00, 0x00, 0x00, 0x23, 0x06, 0x09, 0x00, 0x82, 0x60, 0x60, 0x54, 0x83, 0x23, 0x2D, 0xC5, 
    0x88, 0x41, 0x02, 0x80, 0x20, 0x18, 0x18, 0x16, 0xF1, 0x4C, 0x87, 0x31, 0x62, 0x90, 0x00, 0x20, 
    0x08, 0x06, 0xC6, 0x55, 0x40, 0x14, 0x73, 0x8C, 0x18, 0x24, 0x00, 0x08, 0x82, 0x81, 0x81, 0x19, 
    0x51, 0xB5, 0x20, 0x23, 0x06, 0x09, 0x00, 0x82, 0x60, 0x60, 0x64, 0xC7, 0x65, 0x3D, 0xC9, 0x88, 
    0x41, 0x02, 0x80, 0x20, 0x18, 0x18, 0x1A, 0x82, 0x5D, 0x8B, 0x32, 0x62, 0x90, 0x00, 0x20, 0x08, 
    0x06, 0xC6, 0x96, 0x60, 0x58, 0xB4, 0x8C, 0x18, 0x24, 0x00, 0x08, 0x82, 0x81, 0xC1, 0x29, 0x59, 
    0xD6, 0x30, 0x23, 0x06, 0x09, 0x00, 0x82, 0x60, 0x80, 0x70, 0x8C, 0xA6, 0x4D, 0xC2, 0x88, 0x41, 
    0x02, 0x80, 0x20, 0x18, 0x20, 0x1C, 0xA3, 0x69, 0x4E, 0x30, 0x62, 0x90, 0x00, 0x20, 0x08, 0x06, 
    0x08, 0xC7, 0x68, 0x9A, 0x94, 0x8C, 0x18, 0x24, 0x00, 0x08, 0x82, 0x01, 0xC2, 0x31, 0x9A, 0x06, 
    0x29, 0x23, 0x06, 0x09, 0x00, 0x82, 0x60, 0x80, 0x70, 0xCC, 0xA6, 0x4D, 0xC4, 0x88, 0x41, 0x02, 
    0x80, 0x20, 0x18, 0x20, 0x1C, 0xB3, 0x69, 0xCE, 0x30, 0x62, 0x90, 0x00, 0x20, 0x08, 0x06, 0x08, 
    0xC7, 0x58, 0xDA, 0x84, 0x8C, 0x18, 0x24, 0x00, 0x08, 0x82, 0x01, 0xC2, 0x31, 0x96, 0xE6, 0x1C, 
    0x23, 0x06, 0x09, 0x00, 0x82, 0x60, 0x80, 0x70, 0x8C, 0xA5, 0x49, 0xC6, 0x88, 0x41, 0x02, 0x80, 
    0x20, 0x18, 0x20, 0x1C, 0x63, 0x69, 0x50, 0x81, 0x00, 0x00, 0x00, 0x00, 0x00, 0x00, 0x00, 0x00, 
};

inline constexpr unsigned char g_overlayVSSpirv[] = {
    0x03, 0x02, 0x23, 0x07, 0x00, 0x00, 0x01, 0x00, 0x00, 0x00, 0x0E, 0x00, 0x1A, 0x00, 0x00, 0x00, 
    0x00, 0x00, 0x00, 0x00, 0x11, 0x00, 0x02, 0x00, 0x01, 0x00, 0x00, 0x00, 0x0E, 0x00, 0x03, 0x00, 
    0x00, 0x00, 0x00, 0x00, 0x01, 0x00, 0x00, 0x00, 0x0F, 0x00, 0x0B, 0x00, 0x00, 0x00, 0x00, 0x00, 
    0x01, 0x00, 0x00, 0x00, 0x56, 0x53, 0x4D, 0x61, 0x69, 0x6E, 0x00, 0x00, 0x02, 0x00, 0x00, 0x00, 
    0x03, 0x00, 0x00, 0x00, 0x04, 0x00, 0x00, 0x00, 0x05, 0x00, 0x00, 0x00, 0x06, 0x00, 0x00, 0x00, 
    0x07, 0x00, 0x00, 0x00, 0x03, 0x00, 0x03, 0x00, 0x05, 0x00, 0x00, 0x00, 0x58, 0x02, 0x00, 0x00, 
    0x05, 0x00, 0x06, 0x00, 0x02, 0x00, 0x00, 0x00, 0x69, 0x6E, 0x2E, 0x76, 0x61, 0x72, 0x2E, 0x50, 
    0x4F, 0x53, 0x49, 0x54, 0x49, 0x4F, 0x4E, 0x00, 0x05, 0x00, 0x07, 0x00, 0x03, 0x00, 0x00, 0x00, 
    0x69, 0x6E, 0x2E, 0x76, 0x61, 0x72, 0x2E, 0x54, 0x45, 0x58, 0x43, 0x4F, 0x4F, 0x52, 0x44, 0x30, 
    0x00, 0x00, 0x00, 0x00, 0x05, 0x00, 0x06, 0x00, 0x04, 0x00, 0x00, 0x00, 0x69, 0x6E, 0x2E, 0x76, 
    0x61, 0x72, 0x2E, 0x43, 0x4F, 0x4C, 0x4F, 0x52, 0x30, 0x00, 0x00, 0x00, 0x05, 0x00, 0x07, 0x00, 
    0x06, 0x00, 0x00, 0x00, 0x6F, 0x75, 0x74, 0x2E, 0x76, 0x61, 0x72, 0x2E, 0x54, 0x45, 0x58, 0x43, 
    0x4F, 0x4F, 0x52, 0x44, 0x30, 0x00, 0x00, 0x00, 0x05, 0x00, 0x06, 0x00, 0x07, 0x00, 0x00, 0x00, 
    0x6F, 0x75, 0x74, 0x2E, 0x76, 0x61, 0x72, 0x2E, 0x43, 0x4F, 0x4C, 0x4F, 0x52, 0x30, 0x00, 0x00, 
    0x05, 0x00, 0x04, 0x00, 0x01, 0x00, 0x00, 0x00, 0x56, 0x53, 0x4D, 0x61, 0x69, 0x6E, 0x00, 0x00, 
    0x47, 0x00, 0x04, 0x00, 0x05, 0x00, 0x00, 0x00, 0x0B, 0x00, 0x00, 0x00, 0x00, 0x00, 0x00, 0x00, 
    0x47, 0x00, 0x04, 0x00, 0x02, 0x00, 0x00, 0x00, 0x1E, 0x00, 0x00, 0x00, 0x00, 0x00, 0x00, 0x00, 
    0x47, 0x00, 0x04, 0x00, 0x03, 0x00, 0x00, 0x00, 0x1E, 0x00, 0x00, 0x00, 0x01, 0x00, 0x00, 0x00, 
    0x47, 0x00, 0x04, 0x00, 0x04, 0x00, 0x00, 0x00, 0x1E, 0x00, 0x00, 0x00, 0x02, 0x00, 0x00, 0x00, 
    0x47, 0x00, 0x04, 0x00, 0x06, 0x00, 0x00, 0x00, 0x1E, 0x00, 0x00, 0x00, 0x00, 0x00, 0x00, 0x00, 
    0x47, 0x00, 0x04, 0x00, 0x07, 0x00, 0x00, 0x00, 0x1E, 0x00, 0x00, 0x00, 0x01, 0x00, 0x00, 0x00, 
    0x16, 0x00, 0x03, 0x00, 0x08, 0x00, 0x00, 0x00, 0x20, 0x00, 0x00, 0x00, 0x2B, 0x00, 0x04, 0x00, 
    0x08, 0x00, 0x00, 0x00, 0x09, 0x00, 0x00, 0x00, 0x00, 0x00, 0x00, 0x00, 0x2B, 0x00, 0x04, 0x00, 
    0x08, 0x00, 0x00, 0x00, 0x0A, 0x00, 0x00, 0x00, 0x00, 0x00, 0x80, 0x3F, 0x17, 0x00, 0x04, 0x00, 
    0x0B, 0x00, 0x00, 0x00, 0x08, 0x00, 0x00, 0x00, 0x02, 0x00, 0x00, 0x00, 0x20, 0x00, 0x04, 0x00, 
    0x0C, 0x00, 0x00, 0x00, 0x01, 0x00, 0x00, 0x00, 0x0B, 0x00, 0x00, 0x00, 0x17, 0x00, 0x04, 0x00, 
    0x0D, 0x00, 0x00, 0x00, 0x08, 0x00, 0x00, 0x00, 0x04, 0x00, 0x00, 0x00, 0x20, 0x00, 0x04, 0x00, 
    0x0E, 0x00, 0x00, 0x00, 0x01, 0x00, 0x00, 0x00, 0x0D, 0x00, 0x00, 0x00, 0x20, 0x00, 0x04, 0x00, 
    0x0F, 0x00, 0x00, 0x00, 0x03, 0x00, 0x00, 0x00, 0x0D, 0x00, 0x00, 0x00, 0x20, 0x00, 0x04, 0x00, 
    0x10, 0x00, 0x00, 0x00, 0x03, 0x00, 0x00, 0x00, 0x0B, 0x00, 0x00, 0x00, 0x13, 0x00, 0x02, 0x00, 
    0x11, 0x00, 0x00, 0x00, 0x21, 0x00, 0x03, 0x00, 0x12, 0x00, 0x00, 0x00, 0x11, 0x00, 0x00, 0x00, 
    0x3B, 0x00, 0x04, 0x00, 0x0C, 0x00, 0x00, 0x00, 0x02, 0x00, 0x00, 0x00, 0x01, 0x00, 0x00, 0x00, 
    0x3B, 0x00, 0x04, 0x00, 0x0C, 0x00, 0x00, 0x00, 0x03, 0x00, 0x00, 0x00, 0x01, 0x00, 0x00, 0x00, 
    0x3B, 0x00, 0x04, 0x00, 0x0E, 0x00, 0x00, 0x00, 0x04, 0x00, 0x00, 0x00, 0x01, 0x00, 0x00, 0x00, 
    0x3B, 0x00, 0x04, 0x00, 0x0F, 0x00, 0x00, 0x00, 0x05, 0x00, 0x00, 0x00, 0x03, 0x00, 0x00, 0x00, 
    0x3B, 0x00, 0x04, 0x00, 0x10, 0x00, 0x00, 0x00, 0x06, 0x00, 0x00, 0x00, 0x03, 0x00, 0x00, 0x00, 
    0x3B, 0x00, 0x04, 0x00, 0x0F, 0x00, 0x00, 0x00, 0x07, 0x00, 0x00, 0x00, 0x03, 0x00, 0x00, 0x00, 
    0x36, 0x00, 0x05, 0x00, 0x11, 0x00, 0x00, 0x00, 0x01, 0x00, 0x00, 0x00, 0x00, 0x00, 0x00, 0x00, 
    0x12, 0x00, 0x00, 0x00, 0xF8, 0x00, 0x02, 0x00, 0x13, 0x00, 0x00, 0x00, 0x3D, 0x00, 0x04, 0x00, 
    0x0B, 0x00, 0x00, 0x00, 0x14, 0x00, 0x00, 0x00, 0x02, 0x00, 0x00, 0x00, 0x3D, 0x00, 0x04, 0x00, 
    0x0B, 0x00, 0x00, 0x00, 0x15, 0x00, 0x00, 0x00, 0x03, 0x00, 0x00, 0x00, 0x3D, 0x00, 0x04, 0x00, 
    0x0D, 0x00, 0x00, 0x00, 0x16, 0x00, 0x00, 0x00, 0x04, 0x00, 0x00, 0x00, 0x51, 0x00, 0x05, 0x00, 
    0x08, 0x00, 0x00, 0x00, 0x17, 0x00, 0x00, 0x00, 0x14, 0x00, 0x00, 0x00, 0x00, 0x00, 0x00, 0x00, 
    0x51, 0x00, 0x05, 0x00, 0x08, 0x00, 0x00, 0x00, 0x18, 0x00, 0x00, 0x00, 0x14, 0x00, 0x00, 0x00, 
    0x01, 0x00, 0x00, 0x00, 0x50, 0x00, 0x07, 0x00, 0x0D, 0x00, 0x00, 0x00, 0x19, 0x00, 0x00, 0x00, 
    0x17, 0x00, 0x00, 0x00, 0x18, 0x00, 0x00, 0x00, 0x09, 0x00, 0x00, 0x00, 0x0A, 0x00, 0x00, 0x00, 
    0x3E, 0x00, 0x03, 0x00, 0x05, 0x00, 0x00, 0x00, 0x19, 0x00, 0x00, 0x00, 0x3E, 0x00, 0x03, 0x00, 
    0x06, 0x00, 0x00, 0x00, 0x15, 0x00, 0x00, 0x00, 0x3E, 0x00, 0x03, 0x00, 0x07, 0x00, 0x00, 0x00, 
    0x16, 0x00, 0x00, 0x00, 0xFD, 0x00, 0x01, 0x00, 0x38, 0x00, 0x01, 0x00, 
};

inline constexpr unsigned char g_overlayPSDxil[] = {
    0x44, 0x58, 0x42, 0x43, 0x31, 0xAE, 0xA5, 0xE8, 0xB9, 0x99, 0x0C, 0x82, 0x4E, 0x9E, 0x7B, 0x71, 
    0x01, 0xB2, 0xAE, 0xC4, 0x01, 0x00, 0x00, 0x00, 0xA0, 0x0F, 0x00, 0x00, 0x07, 0x00, 0x00, 0x00, 
    0x3C, 0x00, 0x00, 0x00, 0x4C, 0x00, 0x00, 0x00, 0xD8, 0x00, 0x00, 0x00, 0x14, 0x01, 0x00, 0x00, 
    0x24, 0x02, 0x00, 0x00, 0xA8, 0x08, 0x00, 0x00, 0xC4, 0x08, 0x00, 0x00, 0x53, 0x46, 0x49, 0x30, 
    0x08, 0x00, 0x00, 0x00, 0x00, 0x00, 0x00, 0x00, 0x00, 0x00, 0x00, 0x00, 0x49, 0x53, 0x47, 0x31, 
    0x84, 0x00, 0x00, 0x00, 0x03, 0x00, 0x00, 0x00, 0x08, 0x00, 0x00, 0x00, 0x00, 0x00, 0x00, 0x00, 
    0x68, 0x00, 0x00, 0x00, 0x00, 0x00, 0x00, 0x00, 0x01, 0x00, 0x00, 0x00, 0x03, 0x00, 0x00, 0x00, 
    0x00, 0x00, 0x00, 0x00, 0x0F, 0x00, 0x00, 0x00, 0x00, 0x00, 0x00, 0x00, 0x00, 0x00, 0x00, 0x00, 
    0x74, 0x00, 0x00, 0x00, 0x00, 0x00, 0x00, 0x00, 0x00, 0x00, 0x00, 0x00, 0x03, 0x00, 0x00, 0x00, 
    0x01, 0x00, 0x00, 0x00, 0x03, 0x03, 0x00, 0x00, 0x00, 0x00, 0x00, 0x00, 0x00, 0x00, 0x00, 0x00, 
    0x7D, 0x00, 0x00, 0x00, 0x00, 0x00, 0x00, 0x00, 0x00, 0x00, 0x00, 0x00, 0x03, 0x00, 0x00, 0x00, 
    0x02, 0x00, 0x00, 0x00, 0x0F, 0x0F, 0x00, 0x00, 0x00, 0x00, 0x00, 0x00, 0x53, 0x56, 0x5F, 0x50, 
    0x6F, 0x73, 0x69, 0x74, 0x69, 0x6F, 0x6E, 0x00, 0x54, 0x45, 0x58, 0x43, 0x4F, 0x4F, 0x52, 0x44, 
    0x00, 0x43, 0x4F, 0x4C, 0x4F, 0x52, 0x00, 0x00, 0x4F, 0x53, 0x47, 0x31, 0x34, 0x00, 0x00, 0x00, 
    0x01, 0x00, 0x00, 0x00, 0x08, 0x00, 0x00, 0x00, 0x00, 0x00, 0x00, 0x00, 0x28, 0x00, 0x00, 0x00, 
    0x00, 0x00, 0x00, 0x00, 0x40, 0x00, 0x00, 0x00, 0x03, 0x00, 0x00, 0x00, 0x00, 0x00, 0x00, 0x00, 
    0x0F, 0x00, 0x00, 0x00, 0x00, 0x00, 0x00, 0x00, 0x53, 0x56, 0x5F, 0x54, 0x61, 0x72, 0x67, 0x65, 
    0x74, 0x00, 0x00, 0x00, 0x50, 0x53, 0x56, 0x30, 0x08, 0x01, 0x00, 0x00, 0x34, 0x00, 0x00, 0x00, 
    0x00, 0x00, 0x00, 0x00, 0x00, 0x00, 0x00, 0x00, 0x00, 0x00, 0x00, 0x00, 0x00, 0x00, 0x00, 0x00, 
    0x00, 0x00, 0x00, 0x00, 0xFF, 0xFF, 0xFF, 0xFF, 0x00, 0x00, 0x00, 0x00, 0x03, 0x01, 0x00, 0x03, 
    0x01, 0x00, 0x00, 0x00, 0x00, 0x00, 0x00, 0x00, 0x00, 0x00, 0x00, 0x00, 0x00, 0x00, 0x00, 0x00, 
    0x10, 0x00, 0x00, 0x00, 0x02, 0x00, 0x00, 0x00, 0x18, 0x00, 0x00, 0x00, 0x01, 0x00, 0x00, 0x00, 
    0x00, 0x00, 0x00, 0x00, 0x01, 0x00, 0x00, 0x00, 0x01, 0x00, 0x00, 0x00, 0x0E, 0x00, 0x00, 0x00, 
    0x00, 0x00, 0x00, 0x00, 0x03, 0x00, 0x00, 0x00, 0x00, 0x00, 0x00, 0x00, 0x00, 0x00, 0x00, 0x00, 
    0x00, 0x00, 0x00, 0x00, 0x02, 0x00, 0x00, 0x00, 0x00, 0x00, 0x00, 0x00, 0x18, 0x00, 0x00, 0x00, 
    0x00, 0x54, 0x45, 0x58, 0x43, 0x4F, 0x4F, 0x52, 0x44, 0x00, 0x43, 0x4F, 0x4C, 0x4F, 0x52, 0x00, 
    0x50, 0x53, 0x4D, 0x61, 0x69, 0x6E, 0x00, 0x00, 0x01, 0x00, 0x00, 0x00, 0x00, 0x00, 0x00, 0x00, 
    0x10, 0x00, 0x00, 0x00, 0x00, 0x00, 0x00, 0x00, 0x00, 0x00, 0x00, 0x00, 0x01, 0x00, 0x44, 0x03, 
    0x03, 0x04, 0x00, 0x00, 0x01, 0x00, 0x00, 0x00, 0x00, 0x00, 0x00, 0x00, 0x01, 0x01, 0x42, 0x00, 
    0x03, 0x02, 0x00, 0x00, 0x0A, 0x00, 0x00, 0x00, 0x00, 0x00, 0x00, 0x00, 0x01, 0x02, 0x44, 0x00, 
    0x03, 0x02, 0x00, 0x00, 0x00, 0x00, 0x00, 0x00, 0x00, 0x00, 0x00, 0x00, 0x01, 0x00, 0x44, 0x10, 
    0x03, 0x00, 0x00, 0x00, 0x00, 0x00, 0x00, 0x00, 0x00, 0x00, 0x00, 0x00, 0x00, 0x00, 0x00, 0x00, 
    0x00, 0x00, 0x00, 0x00, 0x08, 0x00, 0x00, 0x00, 0x08, 0x00, 0x00, 0x00, 0x00, 0x00, 0x00, 0x00, 
    0x00, 0x00, 0x00, 0x00, 0x01, 0x00, 0x00, 0x00, 0x02, 0x00, 0x00, 0x00, 0x04, 0x00, 0x00, 0x00, 
    0x08, 0x00, 0x00, 0x00, 0x53, 0x54, 0x41, 0x54, 0x7C, 0x06, 0x00, 0x00, 0x60, 0x00, 0x00, 0x00, 
    0x9F, 0x01, 0x00, 0x00, 0x44, 0x58, 0x49, 0x4C, 0x00, 0x01, 0x00, 0x00, 0x10, 0x00, 0x00, 0x00, 
    0x64, 0x06, 0x00, 0x00, 0x42, 0x43, 0xC0, 0xDE, 0x21, 0x0C, 0x00, 0x00, 0x96, 0x01, 0x00, 0x00, 
    0x0B, 0x82, 0x20, 0x00, 0x02, 0x00, 0x00, 0x00, 0x13, 0x00, 0x00, 0x00, 0x07, 0x81, 0x23, 0x91, 
    0x41, 0xC8, 0x04, 0x49, 0x06, 0x10, 0x32, 0x39, 0x92, 0x01, 0x84, 0x0C, 0x25, 0x05, 0x08, 0x19, 
    0x1E, 0x04, 0x8B, 0x62, 0x80, 0x14, 0x45, 0x02, 0x42, 0x92, 0x0B, 0x42, 0xA4, 0x10, 0x32, 0x14, 
    0x38, 0x08, 0x18, 0x4B, 0x0A, 0x32, 0x52, 0x88, 0x48, 0x90, 0x14, 0x20, 0x43, 0x46, 0x88, 0xA5, 
    0x00, 0x19, 0x32, 0x42, 0xE4, 0x48, 0x0E, 0x90, 0x91, 0x22, 0xC4, 0x50, 0x41, 0x51, 0x81, 0x8C, 
    0xE1, 0x83, 0xE5, 0x8A, 0x04, 0x29, 0x46, 0x06, 0x51, 0x18, 0x00, 0x00, 0x08, 0x00, 0x00, 0x00, 
    0x1B, 0x8C, 0xE0, 0xFF, 0xFF, 0xFF, 0xFF, 0x07, 0x40, 0x02, 0xA8, 0x0D, 0x84, 0xF0, 0xFF, 0xFF, 
    0xFF, 0xFF, 0x03, 0x20, 0x6D, 0x30, 0x86, 0xFF, 0xFF, 0xFF, 0xFF, 0x1F, 0x00, 0x09, 0xA8, 0x00, 
    0x49, 0x18, 0x00, 0x00, 0x03, 0x00, 0x00, 0x00, 0x13, 0x82, 0x60, 0x42, 0x20, 0x4C, 0x08, 0x06, 
    0x00, 0x00, 0x00, 0x00, 0x89, 0x20, 0x00, 0x00, 0x43, 0x00, 0x00, 0x00, 0x32, 0x22, 0x48, 0x09, 
    0x20, 0x64, 0x85, 0x04, 0x93, 0x22, 0xA4, 0x84, 0x04, 0x93, 0x22, 0xE3, 0x84, 0xA1, 0x90, 0x14, 
    0x12, 0x4C, 0x8A, 0x8C, 0x0B, 0x84, 0xA4, 0x4C, 0x10, 0x68, 0x23, 0x00, 0x25, 0x00, 0x14, 0x66, 
    0x00, 0xE6, 0x08, 0xC0, 0x60, 0x8E, 0x00, 0x29, 0xC6, 0x20, 0x84, 0x14, 0x42, 0xA6, 0x18, 0x80, 
    0x10, 0x52, 0x06, 0xA1, 0x9B, 0x86, 0xCB, 0x9F, 0xB0, 0x87, 0x90, 0xFC, 0x95, 0x90, 0x56, 0x62, 
    0xF2, 0x8B, 0xDB, 0x46, 0xC5, 0x18, 0x63, 0x10, 0x2A, 0xF7, 0x0C, 0x97, 0x3F, 0x61, 0x0F, 0x21, 
    0xF9, 0x21, 0xD0, 0x0C, 0x0B, 0x81, 0x82, 0x55, 0x18, 0x45, 0x18, 0x1B, 0x63, 0x0C, 0x42, 0xC8, 
    0xA0, 0x36, 0x47, 0x10, 0x14, 0x83, 0x91, 0x42, 0xC8, 0x23, 0x38, 0x10, 0x30, 0x8C, 0x40, 0x0C, 
    0x33, 0xB5, 0xC1, 0x38, 0xB0, 0x43, 0x38, 0xCC, 0xC3, 0x3C, 0xB8, 0x01, 0x2D, 0x94, 0x03, 0x3E, 
    0xD0, 0x43, 0x3D, 0xC8, 0x43, 0x39, 0xC8, 0x01, 0x29, 0xF0, 0x81, 0x3D, 0x94, 0xC3, 0x38, 0xD0, 
    0xC3, 0x3B, 0xC8, 0x03, 0x1F, 0x98, 0x03, 0x3B, 0xBC, 0x43, 0x38, 0xD0, 0x03, 0x1B, 0x80, 0x01, 
    0x1D, 0xF8, 0x01, 0x18, 0xF8, 0x81, 0x1E, 0xE8, 0x41, 0x3B, 0xA4, 0x03, 0x3C, 0xCC, 0xC3, 0x2F, 
    0xD0, 0x43, 0x3E, 0xC0, 0x43, 0x39, 0xA0, 0x80, 0xCC, 0x24, 0x06, 0xE3, 0xC0, 0x0E, 0xE1, 0x30, 
    0x0F, 0xF3, 0xE0, 0x06, 0xB4, 0x50, 0x0E, 0xF8, 0x40, 0x0F, 0xF5, 0x20, 0x0F, 0xE5, 0x20, 0x07, 
    0xA4, 0xC0, 0x07, 0xF6, 0x50, 0x0E, 0xE3, 0x40, 0x0F, 0xEF, 0x20, 0x0F, 0x7C, 0x60, 0x0E, 0xEC, 
    0xF0, 0x0E, 0xE1, 0x40, 0x0F, 0x6C, 0x00, 0x06, 0x74, 0xE0, 0x07, 0x60, 0xE0, 0x07, 0x48, 0x98, 
    0x94, 0xEA, 0x4D, 0xD2, 0x14, 0x51, 0xC2, 0xE4, 0xB3, 0x00, 0xF3, 0x2C, 0x44, 0xC4, 0x4E, 0xC0, 
    0x44, 0xA0, 0x80, 0xD0, 0x4D, 0x07, 0x02, 0x00, 0x13, 0x14, 0x72, 0xC0, 0x87, 0x74, 0x60, 0x87, 
    0x36, 0x68, 0x87, 0x79, 0x68, 0x03, 0x72, 0xC0, 0x87, 0x0D, 0xAF, 0x50, 0x0E, 0x6D, 0xD0, 0x0E, 
    0x7A, 0x50, 0x0E, 0x6D, 0x00, 0x0F, 0x7A, 0x30, 0x07, 0x72, 0xA0, 0x07, 0x73, 0x20, 0x07, 0x6D, 
    0x90, 0x0E, 0x71, 0xA0, 0x07, 0x73, 0x20, 0x07, 0x6D, 0x90, 0x0E, 0x78, 0xA0, 0x07, 0x73, 0x20, 
    0x07, 0x6D, 0x90, 0x0E, 0x71, 0x60, 0x07, 0x7A, 0x30, 0x07, 0x72, 0xD0, 0x06, 0xE9, 0x30, 0x07, 
    0x72, 0xA0, 0x07, 0x73, 0x20, 0x07, 0x6D, 0x90, 0x0E, 0x76, 0x40, 0x07, 0x7A, 0x60, 0x07, 0x74, 
    0xD0, 0x06, 0xE6, 0x10, 0x07, 0x76, 0xA0, 0x07, 0x73, 0x20, 0x07, 0x6D, 0x60, 0x0E, 0x73, 0x20, 
    0x07, 0x7A, 0x30, 0x07, 0x72, 0xD0, 0x06, 0xE6, 0x60, 0x07, 0x74, 0xA0, 0x07, 0x76, 0x40, 0x07, 
    0x6D, 0xE0, 0x0E, 0x78, 0xA0, 0x07, 0x71, 0x60, 0x07, 0x7A, 0x30, 0x07, 0x72, 0xA0, 0x07, 0x76, 
    0x40, 0x07, 0x43, 0x9E, 0x00, 0x08, 0x00, 0x00, 0x00, 0x00, 0x00, 0x00, 0x00, 0x00, 0x00, 0x86, 
    0x3C, 0x06, 0x10, 0x00, 0x01, 0x00, 0x00, 0x00, 0x00, 0x00, 0x00, 0x00, 0x0C, 0x79, 0x10, 0x20, 
    0x00, 0x04, 0x00, 0x00, 0x00, 0x00, 0x00, 0x00, 0x00, 0x18, 0xF2, 0x34, 0x40, 0x00, 0x0C, 0x00, 
    0x00, 0x00, 0x00, 0x00, 0x00, 0x00, 0x30, 0xE4, 0x81, 0x80, 0x00, 0x18, 0x00, 0x00, 0x00, 0x00, 
    0x00, 0x00, 0x00, 0x20, 0x0B, 0x04, 0x00, 0x00, 0x10, 0x00, 0x00, 0x00, 0x32, 0x1E, 0x98, 0x14, 
    0x19, 0x11, 0x4C, 0x90, 0x8C, 0x09, 0x26, 0x47, 0xC6, 0x04, 0x43, 0x22, 0x25, 0x30, 0x02, 0x50, 
    0x0C, 0x45, 0x50, 0x12, 0x65, 0x50, 0x1E, 0x05, 0x52, 0x08, 0x54, 0x4A, 0xA2, 0x0C, 0x0A, 0x61, 
    0x04, 0xA0, 0x08, 0x0A, 0x84, 0xEC, 0x0C, 0x00, 0xE1, 0x19, 0x00, 0xCA, 0x63, 0x39, 0x0C, 0x01, 
    0x00, 0x00, 0x80, 0x20, 0x00, 0x10, 0x08, 0x04, 0x02, 0x00, 0x00, 0x00, 0x79, 0x18, 0x00, 0x00, 
    0x82, 0x00, 0x00, 0x00, 0x1A, 0x03, 0x4C, 0x90, 0x46, 0x02, 0x13, 0xC4, 0x8E, 0x0C, 0x6F, 0xEC, 
    0xED, 0x4D, 0x0C, 0x24, 0xC6, 0x05, 0xC7, 0x45, 0x86, 0x06, 0xE6, 0xC6, 0xE5, 0x06, 0x04, 0x85, 
    0x26, 0xC6, 0xC6, 0x2C, 0x4C, 0xCC, 0x46, 0xAC, 0x26, 0x65, 0x43, 0x10, 0x4C, 0x10, 0x88, 0x62, 
    0x82, 0x40, 0x18, 0x1B, 0x84, 0x81, 0xD8, 0x20, 0x10, 0x04, 0x05, 0xB8, 0xB9, 0x09, 0x02, 0x71, 
    0x6C, 0x18, 0x0E, 0x84, 0x98, 0x20, 0x58, 0x14, 0x8F, 0xB3, 0xAF, 0x20, 0x3A, 0xB6, 0xB0, 0xB9, 
    0x09, 0x02, 0x81, 0x4C, 0x10, 0x88, 0x64, 0x83, 0x40, 0x34, 0x1B, 0x12, 0x42, 0x59, 0x08, 0x62, 
    0x60, 0x08, 0x67, 0x43, 0xF0, 0x4C, 0x10, 0xB0, 0x8A, 0xC9, 0xD9, 0xD7, 0x54, 0x58, 0x1B, 0x1C, 
    0x5B, 0x99, 0xDC, 0x06, 0x84, 0x88, 0x24, 0x62, 0x18, 0x08, 0x60, 0x43, 0x30, 0x6D, 0x20, 0x20, 
    0x00, 0xA0, 0x26, 0x08, 0x02, 0xB0, 0x01, 0xD8, 0x30, 0x10, 0xD7, 0xB5, 0x21, 0xC0, 0x36, 0x0C, 
    0x83, 0x95, 0x4D, 0x10, 0x32, 0x6B, 0x43, 0xB0, 0xD1, 0x80, 0x9A, 0x6A, 0x0A, 0x4B, 0x73, 0xE3, 
    0x32, 0x65, 0xF5, 0x05, 0xF5, 0x36, 0x97, 0x46, 0x97, 0xF6, 0xE6, 0x36, 0x41, 0x28, 0x9C, 0x09, 
    0x42, 0xF1, 0x6C, 0x08, 0x88, 0x09, 0x42, 0x01, 0x4D, 0x10, 0x8A, 0x68, 0xC3, 0x42, 0x78, 0x1F, 
    0x18, 0x84, 0x81, 0x18, 0x0C, 0x62, 0x40, 0x8C, 0x01, 0x40, 0x84, 0xAA, 0x08, 0x6B, 0xE8, 0xE9, 
    0x49, 0x8A, 0x68, 0x82, 0x50, 0x48, 0x13, 0x04, 0x42, 0xD9, 0x20, 0x9C, 0xC1, 0x19, 0x6C, 0x58, 
    0x86, 0x32, 0xF8, 0xC6, 0x20, 0x0C, 0xCC, 0x60, 0x30, 0x83, 0x61, 0x0C, 0xD0, 0x80, 0xC5, 0xD0, 
    0x13, 0xD3, 0x93, 0xD4, 0x04, 0x81, 0x58, 0x36, 0x08, 0x67, 0xB0, 0x06, 0x1B, 0x16, 0x46, 0x0D, 
    0xBE, 0x31, 0x08, 0x03, 0x33, 0x18, 0xC4, 0x80, 0x19, 0x03, 0x36, 0xD8, 0x30, 0x90, 0x41, 0x1A, 
    0xB4, 0x01, 0x93, 0x29, 0xAB, 0x2F, 0xAA, 0x30, 0xB9, 0xB3, 0x32, 0xBA, 0x09, 0x42, 0x31, 0x6D, 
    0x58, 0x88, 0x37, 0xF8, 0xE0, 0x20, 0x0C, 0xC6, 0x60, 0x10, 0x03, 0x62, 0x0C, 0xD8, 0x60, 0x43, 
    0x10, 0x07, 0x1B, 0x06, 0x37, 0x90, 0x03, 0x60, 0x43, 0x61, 0x75, 0x73, 0x50, 0x01, 0x34, 0xCC, 
    0xD8, 0xDE, 0xC2, 0xE8, 0xE6, 0x58, 0xA4, 0xB9, 0xCD, 0xD1, 0xCD, 0x4D, 0x10, 0x08, 0x86, 0xC6, 
    0x5C, 0xDA, 0xD9, 0x17, 0x1B, 0x19, 0x8D, 0xB9, 0xB4, 0xB3, 0xAF, 0x39, 0xBA, 0x09, 0x02, 0xD1, 
    0x10, 0xA1, 0x2B, 0xC3, 0xFB, 0x72, 0x7B, 0x93, 0x6B, 0xDB, 0xA0, 0xD4, 0xC1, 0x60, 0x07, 0x77, 
    0x80, 0x07, 0x48, 0x1E, 0xE8, 0xC1, 0x1E, 0x0C, 0x55, 0xD8, 0xD8, 0xEC, 0xDA, 0x5C, 0xD2, 0xC8, 
    0xCA, 0xDC, 0xE8, 0xA6, 0x04, 0x41, 0x15, 0x32, 0x3C, 0x17, 0xBB, 0x32, 0xB9, 0xB9, 0xB4, 0x37, 
    0xB7, 0x29, 0x01, 0xD1, 0x84, 0x0C, 0xCF, 0xC5, 0x2E, 0x8C, 0xCD, 0xAE, 0x4C, 0x6E, 0x4A, 0x50, 
    0xD4, 0x21, 0xC3, 0x73, 0x99, 0x43, 0x0B, 0x23, 0x2B, 0x93, 0x6B, 0x7A, 0x23, 0x2B, 0x63, 0x9B, 
    0x12, 0x20, 0x65, 0xC8, 0xF0, 0x5C, 0xE4, 0xCA, 0xE6, 0xDE, 0xEA, 0xE4, 0xC6, 0xCA, 0xE6, 0xA6, 
    0x04, 0x54, 0x25, 0x32, 0x3C, 0x17, 0xBA, 0x3C, 0xB8, 0xB2, 0x20, 0x37, 0xB7, 0x37, 0xBA, 0x30, 
    0xBA, 0xB4, 0x37, 0xB7, 0xB9, 0x29, 0x41, 0x56, 0x87, 0x0C, 0xCF, 0xC5, 0x2E, 0xAD, 0xEC, 0x2E, 
    0x89, 0x6C, 0x8A, 0x2E, 0x8C, 0xAE, 0x6C, 0x4A, 0xB0, 0xD5, 0x21, 0xC3, 0x73, 0x29, 0x73, 0xA3, 
    0x93, 0xCB, 0x83, 0x7A, 0x4B, 0x73, 0xA3, 0x9B, 0x9B, 0x12, 0xCC, 0x41, 0x17, 0x32, 0x3C, 0x97, 
    0xB1, 0xB7, 0x3A, 0x37, 0xBA, 0x32, 0xB9, 0xB9, 0x29, 0xC1, 0x1E, 0x00, 0x79, 0x18, 0x00, 0x00, 
    0x4C, 0x00, 0x00, 0x00, 0x33, 0x08, 0x80, 0x1C, 0xC4, 0xE1, 0x1C, 0x66, 0x14, 0x01, 0x3D, 0x88, 
    0x43, 0x38, 0x84, 0xC3, 0x8C, 0x42, 0x80, 0x07, 0x79, 0x78, 0x07, 0x73, 0x98, 0x71, 0x0C, 0xE6, 
    0x00, 0x0F, 0xED, 0x10, 0x0E, 0xF4, 0x80, 0x0E, 0x33, 0x0C, 0x42, 0x1E, 0xC2, 0xC1, 0x1D, 0xCE, 
    0xA1, 0x1C, 0x66, 0x30, 0x05, 0x3D, 0x88, 0x43, 0x38, 0x84, 0x83, 0x1B, 0xCC, 0x03, 0x3D, 0xC8, 
    0x43, 0x3D, 0x8C, 0x03, 0x3D, 0xCC, 0x78, 0x8C, 0x74, 0x70, 0x07, 0x7B, 0x08, 0x07, 0x79, 0x48, 
    0x87, 0x70, 0x70, 0x07, 0x7A, 0x70, 0x03, 0x76, 0x78, 0x87, 0x70, 0x20, 0x87, 0x19, 0xCC, 0x11, 
    0x0E, 0xEC, 0x90, 0x0E, 0xE1, 0x30, 0x0F, 0x6E, 0x30, 0x0F, 0xE3, 0xF0, 0x0E, 0xF0, 0x50, 0x0E, 
    0x33, 0x10, 0xC4, 0x1D, 0xDE, 0x21, 0x1C, 0xD8, 0x21, 0x1D, 0xC2, 0x61, 0x1E, 0x66, 0x30, 0x89, 
    0x3B, 0xBC, 0x83, 0x3B, 0xD0, 0x43, 0x39, 0xB4, 0x03, 0x3C, 0xBC, 0x83, 0x3C, 0x84, 0x03, 0x3B, 
    0xCC, 0xF0, 0x14, 0x76, 0x60, 0x07, 0x7B, 0x68, 0x07, 0x37, 0x68, 0x87, 0x72, 0x68, 0x07, 0x37, 
    0x80, 0x87, 0x70, 0x90, 0x87, 0x70, 0x60, 0x07, 0x76, 0x28, 0x07, 0x76, 0xF8, 0x05, 0x76, 0x78, 
    0x87, 0x77, 0x80, 0x87, 0x5F, 0x08, 0x87, 0x71, 0x18, 0x87, 0x72, 0x98, 0x87, 0x79, 0x98, 0x81, 
    0x2C, 0xEE, 0xF0, 0x0E, 0xEE, 0xE0, 0x0E, 0xF5, 0xC0, 0x0E, 0xEC, 0x30, 0x03, 0x62, 0xC8, 0xA1, 
    0x1C, 0xE4, 0xA1, 0x1C, 0xCC, 0xA1, 0x1C, 0xE4, 0xA1, 0x1C, 0xDC, 0x61, 0x1C, 0xCA, 0x21, 0x1C, 
    0xC4, 0x81, 0x1D, 0xCA, 0x61, 0x06, 0xD6, 0x90, 0x43, 0x39, 0xC8, 0x43, 0x39, 0x98, 0x43, 0x39, 
    0xC8, 0x43, 0x39, 0xB8, 0xC3, 0x38, 0x94, 0x43, 0x38, 0x88, 0x03, 0x3B, 0x94, 0xC3, 0x2F, 0xBC, 
    0x83, 0x3C, 0xFC, 0x82, 0x3B, 0xD4, 0x03, 0x3B, 0xB0, 0xC3, 0x0C, 0xC4, 0x21, 0x07, 0x7C, 0x70, 
    0x03, 0x7A, 0x28, 0x87, 0x76, 0x80, 0x87, 0x19, 0xD1, 0x43, 0x0E, 0xF8, 0xE0, 0x06, 0xE4, 0x20, 
    0x0E, 0xE7, 0xE0, 0x06, 0xF6, 0x10, 0x0E, 0xF2, 0xC0, 0x0E, 0xE1, 0x90, 0x0F, 0xEF, 0x50, 0x0F, 
    0xF4, 0x00, 0x00, 0x00, 0x71, 0x20, 0x00, 0x00, 0x12, 0x00, 0x00, 0x00, 0x06, 0x60, 0xA4, 0xAC, 
    0x09, 0x20, 0x8D, 0x11, 0x48, 0xC3, 0xE5, 0x3B, 0x8F, 0x2F, 0x44, 0x04, 0x30, 0x11, 0x21, 0xD0, 
    0x0C, 0x0B, 0x61, 0x01, 0xD3, 0x70, 0xF9, 0xCE, 0xE3, 0x2F, 0x0E, 0x30, 0x88, 0xCD, 0x43, 0x4D, 
    0x7E, 0x71, 0xDB, 0x36, 0x00, 0x0D, 0x97, 0xEF, 0x3C, 0xBE, 0x04, 0x30, 0xCF, 0x42, 0xF8, 0xC5, 
    0x6D, 0x9B, 0x40, 0x35, 0x5C, 0xBE, 0xF3, 0xF8, 0xD2, 0xE4, 0x44, 0x04, 0x4A, 0x4D, 0x0F, 0x35, 
    0xF9, 0xC5, 0x6D, 0x03, 0x00, 0x00, 0x00, 0x00, 0x48, 0x41, 0x53, 0x48, 0x14, 0x00, 0x00, 0x00, 
    0x00, 0x00, 0x00, 0x00, 0x28, 0xAB, 0xA0, 0xAD, 0x83, 0x50, 0x22, 0x2D, 0x44, 0xF2, 0x6A, 0x17, 
    0x99, 0xE1, 0xAF, 0x58, 0x44, 0x58, 0x49, 0x4C, 0xD4, 0x06, 0x00, 0x00, 0x60, 0x00, 0x00, 0x00, 
    0xB5, 0x01, 0x00, 0x00, 0x44, 0x58, 0x49, 0x4C, 0x00, 0x01, 0x00, 0x00, 0x10, 0x00, 0x00, 0x00, 
    0xBC, 0x06, 0x00, 0x00, 0x42, 0x43, 0xC0, 0xDE, 0x21, 0x0C, 0x00, 0x00, 0xAC, 0x01, 0x00, 0x00, 
    0x0B, 0x82, 0x20, 0x00, 0x02, 0x00, 0x00, 0x00, 0x13, 0x00, 0x00, 0x00, 0x07, 0x81, 0x23, 0x91, 
    0x41, 0xC8, 0x04, 0x49, 0x06, 0x10, 0x32, 0x39, 0x92, 0x01, 0x84, 0x0C, 0x25, 0x05, 0x08, 0x19, 
    0x1E, 0x04, 0x8B, 0x62, 0x80, 0x14, 0x45, 0x02, 0x42, 0x92, 0x0B, 0x42, 0xA4, 0x10, 0x32, 0x14, 
    0x38, 0x08, 0x18, 0x4B, 0x0A, 0x32, 0x52, 0x88, 0x48, 0x90, 0x14, 0x20, 0x43, 0x46, 0x88, 0xA5, 
    0x00, 0x19, 0x32, 0x42, 0xE4, 0x48, 0x0E, 0x90, 0x91, 0x22, 0xC4, 0x50, 0x41, 0x51, 0x81, 0x8C, 
    0xE1, 0x83, 0xE5, 0x8A, 0x04, 0x29, 0x46, 0x06, 0x51, 0x18, 0x00, 0x00, 0x08, 0x00, 0x00, 0x00, 
    0x1B, 0x8C, 0xE0, 0xFF, 0xFF, 0xFF, 0xFF, 0x07, 0x40, 0x02, 0xA8, 0x0D, 0x84, 0xF0, 0xFF, 0xFF, 
    0xFF, 0xFF, 0x03, 0x20, 0x6D, 0x30, 0x86, 0xFF, 0xFF, 0xFF, 0xFF, 0x1F, 0x00, 0x09, 0xA8, 0x00, 
    0x49, 0x18, 0x00, 0x00, 0x03, 0x00, 0x00, 0x00, 0x13, 0x82, 0x60, 0x42, 0x20, 0x4C, 0x08, 0x06, 
    0x00, 0x00, 0x00, 0x00, 0x89, 0x20, 0x00, 0x00, 0x43, 0x00, 0x00, 0x00, 0x32, 0x22, 0x48, 0x09, 
    0x20, 0x64, 0x85, 0x04, 0x93, 0x22, 0xA4, 0x84, 0x04, 0x93, 0x22, 0xE3, 0x84, 0xA1, 0x90, 0x14, 
    0x12, 0x4C, 0x8A, 0x8C, 0x0B, 0x84, 0xA4, 0x4C, 0x10, 0x68, 0x23, 0x00, 0x25, 0x00, 0x14, 0x66, 
    0x00, 0xE6, 0x08, 0xC0, 0x60, 0x8E, 0x00, 0x29, 0xC6, 0x20, 0x84, 0x14, 0x42, 0xA6, 0x18, 0x80, 
    0x10, 0x52, 0x06, 0xA1, 0x9B, 0x86, 0xCB, 0x9F, 0xB0, 0x87, 0x90, 0xFC, 0x95, 0x90, 0x56, 0x62, 
    0xF2, 0x8B, 0xDB, 0x46, 0xC5, 0x18, 0x63, 0x10, 0x2A, 0xF7, 0x0C, 0x97, 0x3F, 0x61, 0x0F, 0x21, 
    0xF9, 0x21, 0xD0, 0x0C, 0x0B, 0x81, 0x82, 0x55, 0x18, 0x45, 0x18, 0x1B, 0x63, 0x0C, 0x42, 0xC8, 
    0xA0, 0x36, 0x47, 0x10, 0x14, 0x83, 0x91, 0x42, 0xC8, 0x23, 0x38, 0x10, 0x30, 0x8C, 0x40, 0x0C, 
    0x33, 0xB5, 0xC1, 0x38, 0xB0, 0x43, 0x38, 0xCC, 0xC3, 0x3C, 0xB8, 0x01, 0x2D, 0x94, 0x03, 0x3E, 
    0xD0, 0x43, 0x3D, 0xC8, 0x43, 0x39, 0xC8, 0x01, 0x29, 0xF0, 0x81, 0x3D, 0x94, 0xC3, 0x38, 0xD0, 
    0xC3, 0x3B, 0xC8, 0x03, 0x1F, 0x98, 0x03, 0x3B, 0xBC, 0x43, 0x38, 0xD0, 0x03, 0x1B, 0x80, 0x01, 
    0x1D, 0xF8, 0x01, 0x18, 0xF8, 0x81, 0x1E, 0xE8, 0x41, 0x3B, 0xA4, 0x03, 0x3C, 0xCC, 0xC3, 0x2F, 
    0xD0, 0x43, 0x3E, 0xC0, 0x43, 0x39, 0xA0, 0x80, 0xCC, 0x24, 0x06, 0xE3, 0xC0, 0x0E, 0xE1, 0x30, 
    0x0F, 0xF3, 0xE0, 0x06, 0xB4, 0x50, 0x0E, 0xF8, 0x40, 0x0F, 0xF5, 0x20, 0x0F, 0xE5, 0x20, 0x07, 
    0xA4, 0xC0, 0x07, 0xF6, 0x50, 0x0E, 0xE3, 0x40, 0x0F, 0xEF, 0x20, 0x0F, 0x7C, 0x60, 0x0E, 0xEC, 
    0xF0, 0x0E, 0xE1, 0x40, 0x0F, 0x6C, 0x00, 0x06, 0x74, 0xE0, 0x07, 0x60, 0xE0, 0x07, 0x48, 0x98, 
    0x94, 0xEA, 0x4D, 0xD2, 0x14, 0x51, 0xC2, 0xE4, 0xB3, 0x00, 0xF3, 0x2C, 0x44, 0xC4, 0x4E, 0xC0, 
    0x44, 0xA0, 0x80, 0xD0, 0x4D, 0x07, 0x02, 0x00, 0x13, 0x14, 0x72, 0xC0, 0x87, 0x74, 0x60, 0x87, 
    0x36, 0x68, 0x87, 0x79, 0x68, 0x03, 0x72, 0xC0, 0x87, 0x0D, 0xAF, 0x50, 0x0E, 0x6D, 0xD0, 0x0E, 
    0x7A, 0x50, 0x0E, 0x6D, 0x00, 0x0F, 0x7A, 0x30, 0x07, 0x72, 0xA0, 0x07, 0x73, 0x20, 0x07, 0x6D, 
    0x90, 0x0E, 0x71, 0xA0, 0x07, 0x73, 0x20, 0x07, 0x6D, 0x90, 0x0E, 0x78, 0xA0, 0x07, 0x73, 0x20, 
    0x07, 0x6D, 0x90, 0x0E, 0x71, 0x60, 0x07, 0x7A, 0x30, 0x07, 0x72, 0xD0, 0x06, 0xE9, 0x30, 0x07, 
    0x72, 0xA0, 0x07, 0x73, 0x20, 0x07, 0x6D, 0x90, 0x0E, 0x76, 0x40, 0x07, 0x7A, 0x60, 0x07, 0x74, 
    0xD0, 0x06, 0xE6, 0x10, 0x07, 0x76, 0xA0, 0x07, 0x73, 0x20, 0x07, 0x6D, 0x60, 0x0E, 0x73, 0x20, 
    0x07, 0x7A, 0x30, 0x07, 0x72, 0xD0, 0x06, 0xE6, 0x60, 0x07, 0x74, 0xA0, 0x07, 0x76, 0x40, 0x07, 
    0x6D, 0xE0, 0x0E, 0x78, 0xA0, 0x07, 0x71, 0x60, 0x07, 0x7A, 0x30, 0x07, 0x72, 0xA0, 0x07, 0x76, 
    0x40, 0x07, 0x43, 0x9E, 0x00, 0x00, 0x00, 0x00, 0x00, 0x00, 0x00, 0x00, 0x00, 0x00, 0x00, 0x86, 
    0x3C, 0x06, 0x10, 0x00, 0x01, 0x00, 0x00, 0x00, 0x00, 0x00, 0x00, 0x00, 0x0C, 0x79, 0x10, 0x20, 
    0x00, 0x04, 0x00, 0x00, 0x00, 0x00, 0x00, 0x00, 0x00, 0x18, 0xF2, 0x34, 0x40, 0x00, 0x0C, 0x00, 
    0x00, 0x00, 0x00, 0x00, 0x00, 0x00, 0x30, 0xE4, 0x81, 0x80, 0x00, 0x18, 0x00, 0x00, 0x00, 0x00, 
    0x00, 0x00, 0x00, 0x20, 0x0B, 0x04, 0x00, 0x00, 0x0F, 0x00, 0x00, 0x00, 0x32, 0x1E, 0x98, 0x14, 
    0x19, 0x11, 0x4C, 0x90, 0x8C, 0x09, 0x26, 0x47, 0xC6, 0x04, 0x43, 0x22, 0x25, 0x30, 0x02, 0x50, 
    0x10, 0xC5, 0x50, 0x04, 0x25, 0x51, 0x06, 0xE5, 0x41, 0xA5, 0x24, 0xCA, 0xA0, 0x10, 0x46, 0x00, 
    0x8A, 0xA0, 0x40, 0xC8, 0xCE, 0x00, 0x10, 0x9E, 0x01, 0xA0, 0x3C, 0x96, 0xC3, 0x10, 0x00, 0x00, 
    0x00, 0x08, 0x02, 0x00, 0x81, 0x40, 0x20, 0x00, 0x79, 0x18, 0x00, 0x00, 0x61, 0x00, 0x00, 0x00, 
    0x1A, 0x03, 0x4C, 0x90, 0x46, 0x02, 0x13, 0xC4, 0x8E, 0x0C, 0x6F, 0xEC, 0xED, 0x4D, 0x0C, 0x24, 
    0xC6, 0x05, 0xC7, 0x45, 0x86, 0x06, 0xE6, 0xC6, 0xE5, 0x06, 0x04, 0x85, 0x26, 0xC6, 0xC6, 0x2C, 
    0x4C, 0xCC, 0x46, 0xAC, 0x26, 0x65, 0x43, 0x10, 0x4C, 0x10, 0x88, 0x62, 0x82, 0x40, 0x18, 0x1B, 
    0x84, 0x81, 0x98, 0x20, 0x10, 0xC7, 0x06, 0x61, 0x30, 0x28, 0xC0, 0xCD, 0x4D, 0x10, 0x08, 0x64, 
    0xC3, 0x80, 0x24, 0xC4, 0x04, 0xC1, 0x9A, 0x08, 0x4C, 0x10, 0x88, 0x64, 0x82, 0x40, 0x28, 0x1B, 
    0x04, 0xC2, 0xD9, 0x90, 0x10, 0x0B, 0x43, 0x10, 0x43, 0x43, 0x3C, 0x1B, 0x02, 0x68, 0x82, 0x80, 
    0x51, 0x1B, 0x10, 0x42, 0x62, 0x88, 0x61, 0x20, 0x80, 0x0D, 0xC1, 0xB4, 0x81, 0x88, 0x00, 0x80, 
    0x9A, 0x20, 0x64, 0xD5, 0x86, 0xC0, 0x9A, 0x20, 0x08, 0x00, 0x0D, 0xA8, 0xA9, 0xA6, 0xB0, 0x34, 
    0x37, 0x2E, 0x53, 0x56, 0x5F, 0x50, 0x6F, 0x73, 0x69, 0x74, 0x69, 0x6F, 0x6E, 0x13, 0x84, 0xA2, 
    0x99, 0x20, 0x14, 0xCE, 0x86, 0x80, 0x98, 0x20, 0x14, 0xCF, 0x04, 0xA1, 0x80, 0x36, 0x2C, 0x84, 
    0xB6, 0x71, 0x9D, 0x37, 0x78, 0xC4, 0x07, 0x10, 0xA1, 0x2A, 0xC2, 0x1A, 0x7A, 0x7A, 0x92, 0x22, 
    0x9A, 0x20, 0x14, 0xD1, 0x04, 0x81, 0x58, 0x36, 0x08, 0x63, 0x30, 0x06, 0x1B, 0x96, 0x21, 0x0C, 
    0xB6, 0xAF, 0x13, 0x83, 0x41, 0x0C, 0x86, 0x8F, 0x0C, 0x58, 0x0C, 0x3D, 0x31, 0x3D, 0x49, 0x4D, 
    0x10, 0x08, 0x66, 0x83, 0x30, 0x06, 0x67, 0xB0, 0x61, 0x69, 0xCC, 0x60, 0xFB, 0x3A, 0x31, 0x18, 
    0xBC, 0xE6, 0x43, 0x83, 0x0D, 0x03, 0x18, 0x94, 0x41, 0x1A, 0x30, 0x99, 0xB2, 0xFA, 0xA2, 0x0A, 
    0x93, 0x3B, 0x2B, 0xA3, 0x9B, 0x20, 0x14, 0xD2, 0x86, 0x85, 0x58, 0x83, 0x8D, 0x0D, 0xBA, 0x6F, 
    0xF0, 0x88, 0x0F, 0x0D, 0x36, 0x04, 0x6D, 0xB0, 0x61, 0x50, 0x03, 0x37, 0x00, 0x36, 0x14, 0x58, 
    0xF6, 0x06, 0x15, 0x50, 0x85, 0x8D, 0xCD, 0xAE, 0xCD, 0x25, 0x8D, 0xAC, 0xCC, 0x8D, 0x6E, 0x4A, 
    0x10, 0x54, 0x21, 0xC3, 0x73, 0xB1, 0x2B, 0x93, 0x9B, 0x4B, 0x7B, 0x73, 0x9B, 0x12, 0x10, 0x4D, 
    0xC8, 0xF0, 0x5C, 0xEC, 0xC2, 0xD8, 0xEC, 0xCA, 0xE4, 0xA6, 0x04, 0x46, 0x1D, 0x32, 0x3C, 0x97, 
    0x39, 0xB4, 0x30, 0xB2, 0x32, 0xB9, 0xA6, 0x37, 0xB2, 0x32, 0xB6, 0x29, 0x41, 0x52, 0x86, 0x0C, 
    0xCF, 0x45, 0xAE, 0x6C, 0xEE, 0xAD, 0x4E, 0x6E, 0xAC, 0x6C, 0x6E, 0x4A, 0x40, 0xD5, 0x21, 0xC3, 
    0x73, 0xB1, 0x4B, 0x2B, 0xBB, 0x4B, 0x22, 0x9B, 0xA2, 0x0B, 0xA3, 0x2B, 0x9B, 0x12, 0x58, 0x75, 
    0xC8, 0xF0, 0x5C, 0xCA, 0xDC, 0xE8, 0xE4, 0xF2, 0xA0, 0xDE, 0xD2, 0xDC, 0xE8, 0xE6, 0xA6, 0x04, 
    0x6F, 0x00, 0x00, 0x00, 0x79, 0x18, 0x00, 0x00, 0x4C, 0x00, 0x00, 0x00, 0x33, 0x08, 0x80, 0x1C, 
    0xC4, 0xE1, 0x1C, 0x66, 0x14, 0x01, 0x3D, 0x88, 0x43, 0x38, 0x84, 0xC3, 0x8C, 0x42, 0x80, 0x07, 
    0x79, 0x78, 0x07, 0x73, 0x98, 0x71, 0x0C, 0xE6, 0x00, 0x0F, 0xED, 0x10, 0x0E, 0xF4, 0x80, 0x0E, 
    0x33, 0x0C, 0x42, 0x1E, 0xC2, 0xC1, 0x1D, 0xCE, 0xA1, 0x1C, 0x66, 0x30, 0x05, 0x3D, 0x88, 0x43, 
    0x38, 0x84, 0x83, 0x1B, 0xCC, 0x03, 0x3D, 0xC8, 0x43, 0x3D, 0x8C, 0x03, 0x3D, 0xCC, 0x78, 0x8C, 
    0x74, 0x70, 0x07, 0x7B, 0x08, 0x07, 0x79, 0x48, 0x87, 0x70, 0x70, 0x07, 0x7A, 0x70, 0x03, 0x76, 
    0x78, 0x87, 0x70, 0x20, 0x87, 0x19, 0xCC, 0x11, 0x0E, 0xEC, 0x90, 0x0E, 0xE1, 0x30, 0x0F, 0x6E, 
    0x30, 0x0F, 0xE3, 0xF0, 0x0E, 0xF0, 0x50, 0x0E, 0x33, 0x10, 0xC4, 0x1D, 0xDE, 0x21, 0x1C, 0xD8, 
    0x21, 0x1D, 0xC2, 0x61, 0x1E, 0x66, 0x30, 0x89, 0x3B, 0xBC, 0x83, 0x3B, 0xD0, 0x43, 0x39, 0xB4, 
    0x03, 0x3C, 0xBC, 0x83, 0x3C, 0x84, 0x03, 0x3B, 0xCC, 0xF0, 0x14, 0x76, 0x60, 0x07, 0x7B, 0x68, 
    0x07, 0x37, 0x68, 0x87, 0x72, 0x68, 0x07, 0x37, 0x80, 0x87, 0x70, 0x90, 0x87, 0x70, 0x60, 0x07, 
    0x76, 0x28, 0x07, 0x76, 0xF8, 0x05, 0x76, 0x78, 0x87, 0x77, 0x80, 0x87, 0x5F, 0x08, 0x87, 0x71, 
    0x18, 0x87, 0x72, 0x98, 0x87, 0x79, 0x98, 0x81, 0x2C, 0xEE, 0xF0, 0x0E, 0xEE, 0xE0, 0x0E, 0xF5, 
    0xC0, 0x0E, 0xEC, 0x30, 0x03, 0x62, 0xC8, 0xA1, 0x1C, 0xE4, 0xA1, 0x1C, 0xCC, 0xA1, 0x1C, 0xE4, 
    0xA1, 0x1C, 0xDC, 0x61, 0x1C, 0xCA, 0x21, 0x1C, 0xC4, 0x81, 0x1D, 0xCA, 0x61, 0x06, 0xD6, 0x90, 
    0x43, 0x39, 0xC8, 0x43, 0x39, 0x98, 0x43, 0x39, 0xC8, 0x43, 0x39, 0xB8, 0xC3, 0x38, 0x94, 0x43, 
    0x38, 0x88, 0x03, 0x3B, 0x94, 0xC3, 0x2F, 0xBC, 0x83, 0x3C, 0xFC, 0x82, 0x3B, 0xD4, 0x03, 0x3B, 
    0xB0, 0xC3, 0x0C, 0xC4, 0x21, 0x07, 0x7C, 0x70, 0x03, 0x7A, 0x28, 0x87, 0x76, 0x80, 0x87, 0x19, 
    0xD1, 0x43, 0x0E, 0xF8, 0xE0, 0x06, 0xE4, 0x20, 0x0E, 0xE7, 0xE0, 0x06, 0xF6, 0x10, 0x0E, 0xF2, 
    0xC0, 0x0E, 0xE1, 0x90, 0x0F, 0xEF, 0x50, 0x0F, 0xF4, 0x00, 0x00, 0x00, 0x71, 0x20, 0x00, 0x00, 
    0x12, 0x00, 0x00, 0x00, 0x06, 0x60, 0xA4, 0xAC, 0x09, 0x20, 0x8D, 0x11, 0x48, 0xC3, 0xE5, 0x3B, 
    0x8F, 0x2F, 0x44, 0x04, 0x30, 0x11, 0x21, 0xD0, 0x0C, 0x0B, 0x61, 0x01, 0xD3, 0x70, 0xF9, 0xCE, 
    0xE3, 0x2F, 0x0E, 0x30, 0x88, 0xCD, 0x43, 0x4D, 0x7E, 0x71, 0xDB, 0x36, 0x00, 0x0D, 0x97, 0xEF, 
    0x3C, 0xBE, 0x04, 0x30, 0xCF, 0x42, 0xF8, 0xC5, 0x6D, 0x9B, 0x40, 0x35, 0x5C, 0xBE, 0xF3, 0xF8, 
    0xD2, 0xE4, 0x44, 0x04, 0x4A, 0x4D, 0x0F, 0x35, 0xF9, 0xC5, 0x6D, 0x03, 0x61, 0x20, 0x00, 0x00, 
    0x36, 0x00, 0x00, 0x00, 0x13, 0x04, 0x41, 0x2C, 0x10, 0x00, 0x00, 0x00, 0x05, 0x00, 0x00, 0x00, 
    0xF4, 0x46, 0x00, 0x88, 0xCC, 0x00, 0x14, 0x42, 0x29, 0x94, 0x5C, 0xE1, 0x51, 0x29, 0x01, 0x1A, 
    0x33, 0x00, 0x00, 0x00, 0x23, 0x06, 0x09, 0x00, 0x82, 0x60, 0x00, 0x69, 0x84, 0x83, 0x61, 0xC8, 
    0x88, 0x41, 0x02, 0x80, 0x20, 0x18, 0x40, 0x5B, 0x11, 0x65, 0x5A, 0x32, 0x62, 0x90, 0x00, 0x20, 
    0x08, 0x06, 0xC6, 0x87, 0x5C, 0x1A, 0x94, 0x8C, 0x18, 0x24, 0x00, 0x08, 0x82, 0x81, 0x01, 0x06, 
    0x09, 0xB6, 0x15, 0xCA, 0x88, 0x41, 0x02, 0x80, 0x20, 0x18, 0x18, 0x61, 0xA0, 0x64, 0x5C, 0xB4, 
    0x8C, 0x18, 0x24, 0x00, 0x08, 0x82, 0x81, 0x21, 0x06, 0x8B, 0xD6, 0x55, 0xCC, 0x88, 0x41, 0x02, 
    0x80, 0x20, 0x18, 0x18, 0x63, 0xC0, 0x7C, 0x1E, 0xD5, 0x8C, 0x18, 0x24, 0x00, 0x08, 0x82, 0x81, 
    0x41, 0x06, 0x0D, 0x18, 0x7C, 0x89, 0x33, 0x62, 0xF0, 0x00, 0x20, 0x08, 0x06, 0xCD, 0x18, 0x2C, 
    0xC8, 0x21, 0x04, 0x49, 0x02, 0x06, 0x60, 0xF0, 0x24, 0xA3, 0x09, 0x01, 0x60, 0x41, 0x21, 0x9F, 
    0x11, 0x83, 0x04, 0x00, 0x41, 0x30, 0x40, 0xCE, 0x00, 0x1A, 0x83, 0x31, 0xC8, 0x92, 0x11, 0x83, 
    0x04, 0x00, 0x41, 0x30, 0x40, 0xCE, 0x00, 0x1A, 0x83, 0x31, 0x68, 0x90, 0x11, 0x83, 0x04, 0x00, 
    0x41, 0x30, 0x40, 0xCE, 0x00, 0x1A, 0x83, 0x31, 0xC0, 0x8E, 0x11, 0x83, 0x04, 0x00, 0x41, 0x30, 
    0x40, 0xCE, 0x00, 0x1A, 0x83, 0x31, 0xD8, 0x02, 0x04, 0x00, 0x00, 0x00, 0x00, 0x00, 0x00, 0x00, 
};

inline constexpr unsigned char g_overlayPSSpirv[] = {
    0x03, 0x02, 0x23, 0x07, 0x00, 0x00, 0x01, 0x00, 0x00, 0x00, 0x0E, 0x00, 0x22, 0x00, 0x00, 0x00, 
    0x00, 0x00, 0x00, 0x00, 0x11, 0x00, 0x02, 0x00, 0x01, 0x00, 0x00, 0x00, 0x0E, 0x00, 0x03, 0x00, 
    0x00, 0x00, 0x00, 0x00, 0x01, 0x00, 0x00, 0x00, 0x0F, 0x00, 0x08, 0x00, 0x04, 0x00, 0x00, 0x00, 
    0x01, 0x00, 0x00, 0x00, 0x50, 0x53, 0x4D, 0x61, 0x69, 0x6E, 0x00, 0x00, 0x02, 0x00, 0x00, 0x00, 
    0x03, 0x00, 0x00, 0x00, 0x04, 0x00, 0x00, 0x00, 0x10, 0x00, 0x03, 0x00, 0x01, 0x00, 0x00, 0x00, 
    0x07, 0x00, 0x00, 0x00, 0x03, 0x00, 0x03, 0x00, 0x05, 0x00, 0x00, 0x00, 0x58, 0x02, 0x00, 0x00, 
    0x05, 0x00, 0x06, 0x00, 0x05, 0x00, 0x00, 0x00, 0x74, 0x79, 0x70, 0x65, 0x2E, 0x32, 0x64, 0x2E, 
    0x69, 0x6D, 0x61, 0x67, 0x65, 0x00, 0x00, 0x00, 0x05, 0x00, 0x04, 0x00, 0x06, 0x00, 0x00, 0x00, 
    0x67, 0x5F, 0x41, 0x74, 0x6C, 0x61, 0x73, 0x00, 0x05, 0x00, 0x06, 0x00, 0x07, 0x00, 0x00, 0x00, 
    0x74, 0x79, 0x70, 0x65, 0x2E, 0x73, 0x61, 0x6D, 0x70, 0x6C, 0x65, 0x72, 0x00, 0x00, 0x00, 0x00, 
    0x05, 0x00, 0x05, 0x00, 0x08, 0x00, 0x00, 0x00, 0x67, 0x5F, 0x53, 0x61, 0x6D, 0x70, 0x6C, 0x65, 
    0x72, 0x00, 0x00, 0x00, 0x05, 0x00, 0x07, 0x00, 0x02, 0x00, 0x00, 0x00, 0x69, 0x6E, 0x2E, 0x76, 
    0x61, 0x72, 0x2E, 0x54, 0x45, 0x58, 0x43, 0x4F, 0x4F, 0x52, 0x44, 0x30, 0x00, 0x00, 0x00, 0x00, 
    0x05, 0x00, 0x06, 0x00, 0x03, 0x00, 0x00, 0x00, 0x69, 0x6E, 0x2E, 0x76, 0x61, 0x72, 0x2E, 0x43, 
    0x4F, 0x4C, 0x4F, 0x52, 0x30, 0x00, 0x00, 0x00, 0x05, 0x00, 0x07, 0x00, 0x04, 0x00, 0x00, 0x00, 
    0x6F, 0x75, 0x74, 0x2E, 0x76, 0x61, 0x72, 0x2E, 0x53, 0x56, 0x5F, 0x54, 0x61, 0x72, 0x67, 0x65, 
    0x74, 0x00, 0x00, 0x00, 0x05, 0x00, 0x04, 0x00, 0x01, 0x00, 0x00, 0x00, 0x50, 0x53, 0x4D, 0x61, 
    0x69, 0x6E, 0x00, 0x00, 0x05, 0x00, 0x07, 0x00, 0x09, 0x00, 0x00, 0x00, 0x74, 0x79, 0x70, 0x65, 
    0x2E, 0x73, 0x61, 0x6D, 0x70, 0x6C, 0x65, 0x64, 0x2E, 0x69, 0x6D, 0x61, 0x67, 0x65, 0x00, 0x00, 
    0x47, 0x00, 0x04, 0x00, 0x02, 0x00, 0x00, 0x00, 0x1E, 0x00, 0x00, 0x00, 0x00, 0x00, 0x00, 0x00, 
    0x47, 0x00, 0x04, 0x00, 0x03, 0x00, 0x00, 0x00, 0x1E, 0x00, 0x00, 0x00, 0x01, 0x00, 0x00, 0x00, 
    0x47, 0x00, 0x04, 0x00, 0x04, 0x00, 0x00, 0x00, 0x1E, 0x00, 0x00, 0x00, 0x00, 0x00, 0x00, 0x00, 
    0x47, 0x00, 0x04, 0x00, 0x06, 0x00, 0x00, 0x00, 0x22, 0x00, 0x00, 0x00, 0x00, 0x00, 0x00, 0x00, 
    0x47, 0x00, 0x04, 0x00, 0x06, 0x00, 0x00, 0x00, 0x21, 0x00, 0x00, 0x00, 0x00, 0x00, 0x00, 0x00, 
    0x47, 0x00, 0x04, 0x00, 0x08, 0x00, 0x00, 0x00, 0x22, 0x00, 0x00, 0x00, 0x00, 0x00, 0x00, 0x00, 
    0x47, 0x00, 0x04, 0x00, 0x08, 0x00, 0x00, 0x00, 0x21, 0x00, 0x00, 0x00, 0x01, 0x00, 0x00, 0x00, 
    0x16, 0x00, 0x03, 0x00, 0x0A, 0x00, 0x00, 0x00, 0x20, 0x00, 0x00, 0x00, 0x19, 0x00, 0x09, 0x00, 
    0x05, 0x00, 0x00, 0x00, 0x0A, 0x00, 0x00, 0x00, 0x01, 0x00, 0x00, 0x00, 0x02, 0x00, 0x00, 0x00, 
    0x00, 0x00, 0x00, 0x00, 0x00, 0x00, 0x00, 0x00, 0x01, 0x00, 0x00, 0x00, 0x00, 0x00, 0x00, 0x00, 
    0x20, 0x00, 0x04, 0x00, 0x0B, 0x00, 0x00, 0x00, 0x00, 0x00, 0x00, 0x00, 0x05, 0x00, 0x00, 0x00, 
    0x1A, 0x00, 0x02, 0x00, 0x07, 0x00, 0x00, 0x00, 0x20, 0x00, 0x04, 0x00, 0x0C, 0x00, 0x00, 0x00, 
    0x00, 0x00, 0x00, 0x00, 0x07, 0x00, 0x00, 0x00, 0x17, 0x00, 0x04, 0x00, 0x0D, 0x00, 0x00, 0x00, 
    0x0A, 0x00, 0x00, 0x00, 0x04, 0x00, 0x00, 0x00, 0x20, 0x00, 0x04, 0x00, 0x0E, 0x00, 0x00, 0x00, 
    0x01, 0x00, 0x00, 0x00, 0x0D, 0x00, 0x00, 0x00, 0x17, 0x00, 0x04, 0x00, 0x0F, 0x00, 0x00, 0x00, 
    0x0A, 0x00, 0x00, 0x00, 0x02, 0x00, 0x00, 0x00, 0x20, 0x00, 0x04, 0x00, 0x10, 0x00, 0x00, 0x00, 
    0x01, 0x00, 0x00, 0x00, 0x0F, 0x00, 0x00, 0x00, 0x20, 0x00, 0x04, 0x00, 0x11, 0x00, 0x00, 0x00, 
    0x03, 0x00, 0x00, 0x00, 0x0D, 0x00, 0x00, 0x00, 0x13, 0x00, 0x02, 0x00, 0x12, 0x00, 0x00, 0x00, 
    0x21, 0x00, 0x03, 0x00, 0x13, 0x00, 0x00, 0x00, 0x12, 0x00, 0x00, 0x00, 0x1B, 0x00, 0x03, 0x00, 
    0x09, 0x00, 0x00, 0x00, 0x05, 0x00, 0x00, 0x00, 0x3B, 0x00, 0x04, 0x00, 0x0B, 0x00, 0x00, 0x00, 
    0x06, 0x00, 0x00, 0x00, 0x00, 0x00, 0x00, 0x00, 0x3B, 0x00, 0x04, 0x00, 0x0C, 0x00, 0x00, 0x00, 
    0x08, 0x00, 0x00, 0x00, 0x00, 0x00, 0x00, 0x00, 0x3B, 0x00, 0x04, 0x00, 0x10, 0x00, 0x00, 0x00, 
    0x02, 0x00, 0x00, 0x00, 0x01, 0x00, 0x00, 0x00, 0x3B, 0x00, 0x04, 0x00, 0x0E, 0x00, 0x00, 0x00, 
    0x03, 0x00, 0x00, 0x00, 0x01, 0x00, 0x00, 0x00, 0x3B, 0x00, 0x04, 0x00, 0x11, 0x00, 0x00, 0x00, 
    0x04, 0x00, 0x00, 0x00, 0x03, 0x00, 0x00, 0x00, 0x36, 0x00, 0x05, 0x00, 0x12, 0x00, 0x00, 0x00, 
    0x01, 0x00, 0x00, 0x00, 0x00, 0x00, 0x00, 0x00, 0x13, 0x00, 0x00, 0x00, 0xF8, 0x00, 0x02, 0x00, 
    0x14, 0x00, 0x00, 0x00, 0x3D, 0x00, 0x04, 0x00, 0x0F, 0x00, 0x00, 0x00, 0x15, 0x00, 0x00, 0x00, 
    0x02, 0x00, 0x00, 0x00, 0x3D, 0x00, 0x04, 0x00, 0x0D, 0x00, 0x00, 0x00, 0x16, 0x00, 0x00, 0x00, 
    0x03, 0x00, 0x00, 0x00, 0x3D, 0x00, 0x04, 0x00, 0x05, 0x00, 0x00, 0x00, 0x17, 0x00, 0x00, 0x00, 
    0x06, 0x00, 0x00, 0x00, 0x3D, 0x00, 0x04, 0x00, 0x07, 0x00, 0x00, 0x00, 0x18, 0x00, 0x00, 0x00, 
    0x08, 0x00, 0x00, 0x00, 0x56, 0x00, 0x05, 0x00, 0x09, 0x00, 0x00, 0x00, 0x19, 0x00, 0x00, 0x00, 
    0x17, 0x00, 0x00, 0x00, 0x18, 0x00, 0x00, 0x00, 0x57, 0x00, 0x06, 0x00, 0x0D, 0x00, 0x00, 0x00, 
    0x1A, 0x00, 0x00, 0x00, 0x19, 0x00, 0x00, 0x00, 0x15, 0x00, 0x00, 0x00, 0x00, 0x00, 0x00, 0x00, 
    0x51, 0x00, 0x05, 0x00, 0x0A, 0x00, 0x00, 0x00, 0x1B, 0x00, 0x00, 0x00, 0x1A, 0x00, 0x00, 0x00, 
    0x00, 0x00, 0x00, 0x00, 0x51, 0x00, 0x05, 0x00, 0x0A, 0x00, 0x00, 0x00, 0x1C, 0x00, 0x00, 0x00, 
    0x16, 0x00, 0x00, 0x00, 0x03, 0x00, 0x00, 0x00, 0x85, 0x00, 0x05, 0x00, 0x0A, 0x00, 0x00, 0x00, 
    0x1D, 0x00, 0x00, 0x00, 0x1C, 0x00, 0x00, 0x00, 0x1B, 0x00, 0x00, 0x00, 0x51, 0x00, 0x05, 0x00, 
    0x0A, 0x00, 0x00, 0x00, 0x1E, 0x00, 0x00, 0x00, 0x16, 0x00, 0x00, 0x00, 0x00, 0x00, 0x00, 0x00, 
    0x51, 0x00, 0x05, 0x00, 0x0A, 0x00, 0x00, 0x00, 0x1F, 0x00, 0x00, 0x00, 0x16, 0x00, 0x00, 0x00, 
    0x01, 0x00, 0x00, 0x00, 0x51, 0x00, 0x05, 0x00, 0x0A, 0x00, 0x00, 0x00, 0x20, 0x00, 0x00, 0x00, 
    0x16, 0x00, 0x00, 0x00, 0x02, 0x00, 0x00, 0x00, 0x50, 0x00, 0x07, 0x00, 0x0D, 0x00, 0x00, 0x00, 
    0x21, 0x00, 0x00, 0x00, 0x1E, 0x00, 0x00, 0x00, 0x1F, 0x00, 0x00, 0x00, 0x20, 0x00, 0x00, 0x00, 
    0x1D, 0x00, 0x00, 0x00, 0x3E, 0x00, 0x03, 0x00, 0x04, 0x00, 0x00, 0x00, 0x21, 0x00, 0x00, 0x00, 
    0xFD, 0x00, 0x01, 0x00, 0x38, 0x00, 0x01, 0x00, 
};

}  // namespace kameo::gfx::shaders
